Prénom;Nom;Département;Numéro de département;Numéro de la circonscription;facebook;twitter;url
Marie-Noelle;BATTISTEL;Isère;38;4;https://www.facebook.com/marienoelle.battistel?fref=ts;;http://www.parti-socialiste.fr/personnalite/marie-noelle-battistel/
Michel;DESTOT;Isère;38;3;https://www.facebook.com/micheldestot/?fref=ts;https://twitter.com/mdestot;http://www.parti-socialiste.fr/personnalite/michel-destot/
Eliane;GIRAUD;Isère;38;5;https://www.facebook.com/eliane.giraud.1?fref=ts;https://twitter.com/ElianeGiraud;http://www.parti-socialiste.fr/personnalite/eliane-giraud/
Didier;LE BRET;Français établis hors de France;999;9;https://www.facebook.com/didierlebret2017/;https://twitter.com/Didier_LeBret;http://www.parti-socialiste.fr/personnalite/didier-le-bret/
Pierre;VERRI;Isère;38;2;https://www.facebook.com/Echirolles-avec-Pierre-VERRI-2%C3%A8me-Circo-De-LIs%C3%A8re-1943063795927631/;https://twitter.com/VerriPierre;http://www.parti-socialiste.fr/personnalite/pierre-verri/
Joelle;HUILLIER;Isère;38;10;https://www.facebook.com/joellehuillier/?fref=ts;https://twitter.com/Joellehuillier;http://www.parti-socialiste.fr/personnalite/joelle-huillier/
Alexandre;Bolleau;Isère;38;6;https://www.facebook.com/Bolleau.2017.legislatives/;;http://www.parti-socialiste.fr/personnalite/alexandre-bolleau/
Erwann;BINET;Isère;38;8;https://www.facebook.com/erwann.binet/?fref=ts;https://twitter.com/erwannbinet;http://www.parti-socialiste.fr/personnalite/erwann-binet/
Florian;Bohème;;;;;https://twitter.com/florianboheme;http://www.parti-socialiste.fr/personnalite/florian-boheme/
Benjamin;Djiane;;;;https://www.facebook.com/djiane.benjamin;https://twitter.com/benjamindjiane;http://www.parti-socialiste.fr/personnalite/benjamin-djiane/
Pierre;Yves LE BORGN’;Français établis hors de France;999;7;;https://twitter.com/pyleborgn;http://www.parti-socialiste.fr/personnalite/pierre-yves-borgn/
Naffi;DAAD;Français établis hors de France;999;10;;https://twitter.com/DaadNB;http://www.parti-socialiste.fr/personnalite/naffi-daad/
Gabrielle;Siry;;;;;https://twitter.com/GabrielleSiry;http://www.parti-socialiste.fr/personnalite/gabrielle-siry-2/
Guillaume;Mathelier;;;;;https://twitter.com/MathelierG;http://www.parti-socialiste.fr/personnalite/guillaume-mathelier/
Yan;Chantrel;Français établis hors de France;999;1;https://www.facebook.com/yanchantrel2017/;https://twitter.com/YanChantrel;http://www.parti-socialiste.fr/personnalite/yan-chantrel/
Philip;CORDERY;Français établis hors de France;999;4;https://www.facebook.com/CorderyPhilip/?fref=ts;https://twitter.com/PhilipCordery;http://www.parti-socialiste.fr/personnalite/philip-cordery-2/
Monique;ORPHE;Réunion;974;6;https://www.facebook.com/Monique-Orph%C3%A9-D%C3%A9put%C3%A9e-321211427928411/?fref=ts;https://twitter.com/moniqueorphe;http://www.parti-socialiste.fr/personnalite/monique-orphe/
Axelle;LEMAIRE;Français établis hors de France;999;3;https://www.facebook.com/axelle.lemaire/?fref=ts;https://twitter.com/axellelemaire;http://www.parti-socialiste.fr/personnalite/axelle-lemaire/
Jean-Jacques;VLODY;Réunion;974;3;https://www.facebook.com/pg/jeanjacques.vlody/about/?ref=page_internal;https://twitter.com/jvlody;http://www.parti-socialiste.fr/personnalite/jean-jacques-vlody/
Virginie;GOBALOU;Réunion;974;3;;;http://www.parti-socialiste.fr/personnalite/virginie-gobalou/
Philippe;LECONSTANT;Réunion;974;5;https://www.facebook.com/philippe.leconstant?fref=ts;;http://www.parti-socialiste.fr/personnalite/philippe-leconstant/
Ericka;BAREIGTS;Réunion;974;1;https://www.facebook.com/erickabareigts974/;https://twitter.com/ebareigts;http://www.parti-socialiste.fr/personnalite/ericka-bareigts-2/
Marlène;THIBAUD;Vaucluse;84;4;https://www.facebook.com/marlene.thibaud.3;;http://www.parti-socialiste.fr/personnalite/marlene-thibaud/
Salim;NANA IBRAHIM;Réunion;974;2;https://www.facebook.com/salim.nana.ibrahim974;https://twitter.com/S_Nana_Ibrahim;http://www.parti-socialiste.fr/personnalite/salim-nana-ibrahim/
Jean;François LOVISOLO;Vaucluse;84;5;https://www.facebook.com/jeanfrancois.lovisolo?fref=ts;;http://www.parti-socialiste.fr/personnalite/jean-francois-lovisolo/
Christine;LAGRANGE;Vaucluse;84;1;https://www.facebook.com/christine.lagrange.796?fref=ts;https://twitter.com/lagrange2017;http://www.parti-socialiste.fr/personnalite/christine-lagrange/
Jimmy;COSTE;Var;83;7;https://www.facebook.com/jimmycoste?fref=ts;https://twitter.com/JimmyCoste;http://www.parti-socialiste.fr/personnalite/jimmy-coste/
Céline;VALADIER;Vaucluse;84;3;https://www.facebook.com/Valadier-C%C3%A9line-601701516683073/?fref=ts;https://twitter.com/CelineValadier;http://www.parti-socialiste.fr/personnalite/celine-valadier/
Jean-David;CIOT;Bouches-du-Rhône;13;14;https://www.facebook.com/jdciot/?fref=ts;https://twitter.com/jdciot;http://www.parti-socialiste.fr/personnalite/jean-david-ciot/
Insaf;REZAGUI;Var;83;5;https://www.facebook.com/insafrez/?fref=ts;https://twitter.com/InsafRez;http://www.parti-socialiste.fr/personnalite/insaf-rezagui/
William;SEEMULLER;Var;83;3;https://www.facebook.com/profile.php?id=100012649274598;https://twitter.com/WSeemuller83400;http://www.parti-socialiste.fr/personnalite/william-seemuller/
Valentin;GIES;Var;83;1;https://www.facebook.com/ValentinGies/;https://twitter.com/valentingies;http://www.parti-socialiste.fr/personnalite/valentin-gies/
Cécile;MUSCHOTTI;Var;83;2;https://www.facebook.com/cmuschotti/?fref=ts;https://twitter.com/CMUSCHOTTI;http://www.parti-socialiste.fr/personnalite/cecile-muschotti/
Isabelle;ROVARINO;Bouches-du-Rhône;13;12;https://www.facebook.com/Isabelle-Rovarino-l%C3%A9gislatives-2017-1216935275064382/?ref=py_c;;http://www.parti-socialiste.fr/personnalite/isabelle-rovarino/
Stéphanie;HARKANE;Bouches-du-Rhône;13;9;;https://twitter.com/Harka1Harkane;http://www.parti-socialiste.fr/personnalite/stephanie-harkane/
Nora;MEBAREK;Bouches-du-Rhône;13;16;https://www.facebook.com/nora.mebarek.2017/?fref=ts;;http://www.parti-socialiste.fr/personnalite/nora-mebarek/
Henri;JIBRAYEL;Bouches-du-Rhône;13;7;;https://twitter.com/henrijibrayel;http://www.parti-socialiste.fr/personnalite/henri-jibrayel/
Patrick;MENNUCCI;Bouches-du-Rhône;13;4;https://www.facebook.com/patrick.mennucci/;https://twitter.com/patrickmennucci?lang=fr;http://www.parti-socialiste.fr/personnalite/patrick-mennucci/
Xavier;Garcia;Alpes-Maritimes;06;3;https://www.facebook.com/xavier.garcia.756859;https://twitter.com/xaviergarcia_06?lang=fr;http://www.parti-socialiste.fr/personnalite/xavier-garcia/
Marie-Arlette;CARLOTTI;Bouches-du-Rhône;13;5;https://www.facebook.com/macarlotti/?fref=ts;https://twitter.com/MACarlotti;http://www.parti-socialiste.fr/personnalite/marie-arlette-carlotti/
Anne;DI MARINO;Bouches-du-Rhône;13;3;https://www.facebook.com/rebia.benarioua?fref=ts;;http://www.parti-socialiste.fr/personnalite/annedi-marino/
Chaama;GRAILLAT;Alpes-Maritimes;06;5;;https://twitter.com/GChaama;http://www.parti-socialiste.fr/personnalite/chaama-graillat/
Annie;LEVY-MOZZICONACCI;Bouches-du-Rhône;13;2;https://www.facebook.com/annie.levymozziconacci/;;http://www.parti-socialiste.fr/personnalite/annie-levy-mozziconacci/
Gérard;OREGGIA;Bouches-du-Rhône;13;1;https://www.facebook.com/Oreggia2017/?fref=ts;https://twitter.com/OreggiaG;http://www.parti-socialiste.fr/personnalite/gerard-oreggia/
Pierre-Marie;CARLIER;Alpes-Maritimes;06;2;;https://twitter.com/pm_carlier;http://www.parti-socialiste.fr/personnalite/carlier-pierre-marie/
Delphine;BAGARRY;Alpes-de-Haute-Provence;04;1;https://www.facebook.com/delphinebagarry04/?fref=ts;https://twitter.com/DBagarry;http://www.parti-socialiste.fr/personnalite/delphine-bagarry/
Karine;BERGER;Hautes-Alpes;05;1;https://www.facebook.com/karine.berger.deputee/?fref=ts;https://twitter.com/Karine_Berger;http://www.parti-socialiste.fr/personnalite/berger-karine/
Sylviane;BULTEAU;Vendée;85;2;https://www.facebook.com/sylvianebulteau/?fref=ts;https://twitter.com/sylvianebulteau;http://www.parti-socialiste.fr/personnalite/sylviane-bulteau-2/
Anthony;PITALIER;Vendée;85;3;https://www.facebook.com/apitalier/?fref=ts;https://twitter.com/apitalier;http://www.parti-socialiste.fr/personnalite/anthony-pitalier/
Christophe;ROUILLON;Sarthe;72;5;https://www.facebook.com/ChristopheRouillonOfficiel/?fref=ts;https://twitter.com/ch_rouillon;http://www.parti-socialiste.fr/personnalite/christophe-rouillon/
Cécile;DREURE;Vendée;85;1;https://www.facebook.com/Ceciledreure2017/?ref=ts&fref=ts;https://twitter.com/CDreure;http://www.parti-socialiste.fr/personnalite/cecile-dreure/
Hugues;FOURAGE;Vendée;85;5;https://www.facebook.com/Hugues-Fourage-245908092241904/?fref=ts;https://twitter.com/HuguesFourage;http://www.parti-socialiste.fr/personnalite/hugues-fourage/
Stéphane;LE FOLL;Sarthe;72;4;https://www.facebook.com/lefoll/?fref=ts;https://twitter.com/SLeFoll?lang=fr;http://www.parti-socialiste.fr/personnalite/stephane-le-foll/
Marietta;KARAMANLI;Sarthe;72;2;https://www.facebook.com/MariettaKaramanli/?fref=ts;https://twitter.com/karamanli72;http://www.parti-socialiste.fr/personnalite/marietta-karamanli/
Nicolas;CHAUVIN;Sarthe;72;3;https://www.facebook.com/nicolas.chauvin.507?fref=ts;;http://www.parti-socialiste.fr/personnalite/nicolas-chauvin/
Françoise;DUBOIS;Sarthe;72;1;https://www.facebook.com/FrancoiseDuboisSarthe/;https://twitter.com/F_Dubois2017;http://www.parti-socialiste.fr/personnalite/francoise-dubois/
Serge;BARDY;Maine-et-Loire;49;6;https://www.facebook.com/deputebardy/?fref=ts;https://twitter.com/bardyserge;http://www.parti-socialiste.fr/personnalite/serge-bardy/
Meriem;BABA;Maine-et-Loire;49;4;https://www.facebook.com/Meriem-Baba-1824161377910532/?fref=ts;;http://www.parti-socialiste.fr/personnalite/meriem-baba/
Guillaume;GAROT;Mayenne;53;1;https://www.facebook.com/Guillaume-Garot-266607593494148/;https://twitter.com/guillaumegarot;http://www.parti-socialiste.fr/personnalite/guillaume-garot/
Anne;BOYE;Loire-Atlantique;44;7;;;http://www.parti-socialiste.fr/personnalite/anne-boye/
Luc;BELOT;Maine-et-Loire;49;1;;https://twitter.com/LucBELOT;http://www.parti-socialiste.fr/personnalite/luc-belot-2/
Laurianne;DENIAUD;Loire-Atlantique;44;8;https://www.facebook.com/lauriannedeniaud/?fref=ts;https://twitter.com/ldeniaud;http://www.parti-socialiste.fr/personnalite/laurianne-deniaud/
Dominique;RAIMBOURG;Loire-Atlantique;44;4;https://www.facebook.com/DeputeRaimbourg/?fref=ts;https://twitter.com/DeputeRaimbourg;http://www.parti-socialiste.fr/personnalite/dominique-raimbourg/
Michel;MENARD;Loire-Atlantique;44;5;https://www.facebook.com/michelmenard.fr/?fref=ts;https://twitter.com/Michel_MENARD;http://www.parti-socialiste.fr/personnalite/michel-menard/
Alain;ROBERT;Loire-Atlantique;44;2;https://www.facebook.com/AlainRobert2017/?fref=ts;https://twitter.com/AlainRobert44;http://www.parti-socialiste.fr/personnalite/alain-robert/
Karine;DANIEL;Loire-Atlantique;44;3;;https://twitter.com/KarineDanielNts;http://www.parti-socialiste.fr/personnalite/karine-daniel/
Valérie;RABAULT;Tarn-et-Garonne;82;1;https://www.facebook.com/ValerieRabault82/?fref=ts;https://twitter.com/Valerie_Rabault;http://www.parti-socialiste.fr/personnalite/valerie-rabault/
Claire;FITA;Tarn;81;2;https://www.facebook.com/clairefita2017/?fref=ts;https://twitter.com/claire_fita;http://www.parti-socialiste.fr/personnalite/claire-fita-2/
Linda;Gourjade;;;;https://www.facebook.com/lindagourjade/;https://twitter.com/Linda_Gourjade;http://www.parti-socialiste.fr/personnalite/linda-gourjade/
Sylvia;CAMARA TOMBINI;Maine-et-Loire;49;7;https://www.facebook.com/SilviaCamaraTombini/?fref=ts;https://twitter.com/SCamaraTombini;http://www.parti-socialiste.fr/personnalite/sylvia-camara-tombini/
Ségolène;NEUVILLE;Pyrénées-Orientales;66;3;https://www.facebook.com/S%C3%A9gol%C3%A8ne-Neuville-247480335326198/;https://twitter.com/s_neuville;http://www.parti-socialiste.fr/personnalite/segolene-neuville/
Alexandre;REYNAL;Pyrénées-Orientales;66;4;https://www.facebook.com/alexandrereynal2017/?fref=ts;;http://www.parti-socialiste.fr/personnalite/alexandre-reynal/
Patrice;BEDIER;Tarn;81;1;https://www.facebook.com/patrice.bedier?fref=ts;https://twitter.com/patricebedier;http://www.parti-socialiste.fr/personnalite/patrice-bedier/
Jean;GLAVANY;Hautes-Pyrénées;65;1;https://www.facebook.com/jean.glavany.9/?fref=ts;https://twitter.com/JeanGlavany;http://www.parti-socialiste.fr/personnalite/jean-glavany/
Marie;Pierre SADOURNY;Pyrénées-Orientales;66;2;https://www.facebook.com/pg/Marie-Pierre-Sadourny-2017-696939513818379/about/?ref=page_internal;;http://www.parti-socialiste.fr/personnalite/marie-pierre-sadourny/
Christian;ASSAF;Hérault;34;8;https://www.facebook.com/christianassaf2017/?fref=ts;https://twitter.com/assaf_christian;http://www.parti-socialiste.fr/personnalite/christian-assaf-2/
Vincent;LABARTHE;Lot;46;2;https://www.facebook.com/vincentlabarthe2017/?fref=ts;https://twitter.com/VLabarthe2017?lang=fr;http://www.parti-socialiste.fr/personnalite/vincent-labarthe/
Sébastien;DENAJA;Hérault;34;7;;https://twitter.com/SebastienDenaja;http://www.parti-socialiste.fr/personnalite/sebastien-denaja/
Aurélie;Maillols;Lozère;48;1;https://www.facebook.com/aurelie.maillols;https://twitter.com/aureliemaillols;http://www.parti-socialiste.fr/personnalite/aurelie-maillols/
Marie;PASSIEUX;Hérault;34;5;;;http://www.parti-socialiste.fr/personnalite/marie-passieux/
Frédéric;ROIG;Hérault;34;4;https://www.facebook.com/fredericroig2017/?fref=ts;;http://www.parti-socialiste.fr/personnalite/frederic-roig/
Fanny;DOMBRE COSTE;Hérault;34;10;https://www.facebook.com/dombrecoste.fanny/?fref=ts;https://twitter.com/F_DombreCoste;http://www.parti-socialiste.fr/personnalite/fanny-dombre-coste/
Anne-Yvonne;LE DAIN;Hérault;34;2;https://www.facebook.com/Ayledain/?fref=ts;https://twitter.com/Ayledain;http://www.parti-socialiste.fr/personnalite/anne-yvonne-dain/
Camille;POUPONNEAU;Haute-Garonne;31;6;https://www.facebook.com/profile.php?id=100015129075580&fref=ts;https://twitter.com/Camille_2Neau;http://www.parti-socialiste.fr/personnalite/camille-pouponneau/
Gisèle;BIEMOURET;Gers;32;2;;https://twitter.com/GiseleBiemouret;http://www.parti-socialiste.fr/personnalite/gisele-biemouret/
Francis;DUPOUEY;Gers;32;1;;;http://www.parti-socialiste.fr/personnalite/francis-dupouey/
ARIF;Kader;Haute-Garonne;31;10;https://www.facebook.com/kaderarif2017/?fref=ts;https://twitter.com/kaderarif;http://www.parti-socialiste.fr/personnalite/arif-kader/
Christophe;BORGEL;Haute-Garonne;31;9;https://www.facebook.com/chborgel/?fref=ts;https://twitter.com/chborgel;http://www.parti-socialiste.fr/personnalite/christophe-borgel-2/
Joel;AVIRAGNET;Haute-Garonne;31;8;;https://twitter.com/JAviragnet;http://www.parti-socialiste.fr/personnalite/joel-aviragnet/
Marie-Caroline;TEMPESTA;Haute-Garonne;31;7;https://www.facebook.com/mcTempesta2017/?fref=ts;https://twitter.com/mctempesta2017;http://www.parti-socialiste.fr/personnalite/marie-caroline-tempesta/
Martine;MARTINEL;Haute-Garonne;31;4;;https://twitter.com/MartineMartinel;http://www.parti-socialiste.fr/personnalite/martine-martinel/
Isabelle;HARDY;Haute-Garonne;31;3;https://www.facebook.com/IsabelleHardy2017/?fref=nf&pnref=story;https://twitter.com/izahardy;http://www.parti-socialiste.fr/personnalite/isabelle-hardy/
Gérard;BAPT;Haute-Garonne;31;2;https://www.facebook.com/G%C3%A9rard-BAPT-2017-346900762348157/?fref=ts;;http://www.parti-socialiste.fr/personnalite/gerard-bapt/
Catherine;LEMORTON;Haute-Garonne;31;1;https://www.facebook.com/CatherineLemorton2017/?fref=ts;https://twitter.com/CathLEMORTON;http://www.parti-socialiste.fr/personnalite/lemorton-catherine/
Nelly;FRONTANAU;Gard;30;5;https://www.facebook.com/nelly.frontanau?fref=nf;https://twitter.com/FRONTANAUnelly;http://www.parti-socialiste.fr/personnalite/nelly-frontanau/
Catherine;EYSSERIC;Gard;30;3;https://www.facebook.com/Catherine-Eysseric-2017-417435038606276/?fref=ts;https://twitter.com/EYSSERIC_Ca;http://www.parti-socialiste.fr/personnalite/catherine-eysseric/
Fabrice;VERDIER;Gard;30;4;https://www.facebook.com/Fabrice-Verdier-209988482430809/?fref=ts;https://twitter.com/F_Verdier;http://www.parti-socialiste.fr/personnalite/fabrice-verdier/
Katy;GUYOT;Gard;30;2;https://www.facebook.com/Katy-Guyot-330119863674158/?fref=ts;https://twitter.com/KatyGuyot;http://www.parti-socialiste.fr/personnalite/katy-guyot/
Bertrand;CAVALERIE;Aveyron;12;2;https://www.facebook.com/BertrandCavalerie2017/?fref=ts;https://twitter.com/BCavalerie?lang=fr;http://www.parti-socialiste.fr/personnalite/bertrand-cavalerie/
Françoise;DUMAS;Gard;30;1;https://www.facebook.com/FD2014/?fref=ts;https://twitter.com/fdumasdeputee;http://www.parti-socialiste.fr/personnalite/francoise-dumas/
Sarah;VIDAL;Aveyron;12;1;https://www.facebook.com/Elections-l%C3%A9gislatives-2017-Sarah-Vidal-357658841287432/?fref=ts;https://twitter.com/Sarah_Vidal12?lang=fr;http://www.parti-socialiste.fr/personnalite/sarah-vidal-2/
Marie-Hélène;FABRE;Aude;11;2;https://www.facebook.com/Marie-H%C3%A9l%C3%A8ne-FABRE-221082634586645/?fref=ts;https://twitter.com/MHFabre;http://www.parti-socialiste.fr/personnalite/marie-helene-fabre/
André;VIOLA;Aude;11;3;;https://twitter.com/andreviola11;http://www.parti-socialiste.fr/personnalite/andre-viola-2/
Alain;FAURE;Ariège;09;2;;https://twitter.com/faurealain1;http://www.parti-socialiste.fr/personnalite/alain-faure/
Alain;GINIES;Aude;11;1;https://www.facebook.com/alain.ginies2017/?fref=ts;https://twitter.com/AlainGinies2017;http://www.parti-socialiste.fr/personnalite/alain-ginies/
Martine;ESTEBAN;Ariège;09;1;https://www.facebook.com/Martine-Esteban-L%C3%A9gislatives-2017-1251925984921083/?fref=ts;;http://www.parti-socialiste.fr/personnalite/martine-esteban/
Laurent;LAFAYE;Haute-Vienne;87;1;https://www.facebook.com/profile.php?id=100009818919322&fref=ts;https://twitter.com/laurentlafaye87;http://www.parti-socialiste.fr/personnalite/laurent-lafaye/
Catherine;BEAUBATIE;Haute-Vienne;87;3;https://www.facebook.com/catherine.beaubatie/?fref=ts;;http://www.parti-socialiste.fr/personnalite/catherine-beaubatie/
Annick;MORIZIO;Haute-Vienne;87;2;https://www.facebook.com/Annick-Morizio-L%C3%A9gislatives-2017-2%C3%A8me-circonscription-Haute-Vienne-1696040207354668/?fref=ts;https://twitter.com/a_morizio2017;http://www.parti-socialiste.fr/personnalite/annick-morizio/
Xavier;Moinier;;;;;https://twitter.com/XavierMoinier;http://www.parti-socialiste.fr/personnalite/xavier-moinier/
Marc;BONNEAU;Deux-Sèvres;79;3;https://www.facebook.com/marcbonneau79/?fref=ts;https://twitter.com/Marc_Bonneau;http://www.parti-socialiste.fr/personnalite/marc-bonneau/
Patricia;PERSICO;Vienne;86;2;https://www.facebook.com/patriciapersico2017/?fref=ts;https://twitter.com/PersicoPatricia;http://www.parti-socialiste.fr/personnalite/patricia-persico/
Jean-Michel;CLEMENT;Vienne;86;3;https://www.facebook.com/jeanmichel.clement.3;https://twitter.com/jmclement86;http://www.parti-socialiste.fr/personnalite/jean-michel-clement/
Sylviane;ALAUX;Pyrénées-Atlantiques;64;6;https://www.facebook.com/sylviane.alaux.1?fref=ts;https://twitter.com/alaux_2017;http://www.parti-socialiste.fr/personnalite/sylviane-alaux/
Elodie;TRUONG;Deux-Sèvres;79;1;https://www.facebook.com/profile.php?id=100006363104854&fref=ts;https://twitter.com/elodietruong;http://www.parti-socialiste.fr/personnalite/elodie-truong/
David;HABIB;Pyrénées-Atlantiques;64;3;https://www.facebook.com/profile.php?id=100010948578619&fref=ts;https://twitter.com/DavidDhabib;http://www.parti-socialiste.fr/personnalite/david-habib/
Delphine;BATHO;Deux-Sèvres;79;2;https://www.facebook.com/DelphineBatho/;https://twitter.com/delphinebatho;http://www.parti-socialiste.fr/personnalite/delphine-batho/
Colette;CAPDEVIELLE;Pyrénées-Atlantiques;64;5;https://www.facebook.com/colette.capdevielle.7;https://twitter.com/c_capdevielle;http://www.parti-socialiste.fr/personnalite/colette-capdevielle/
Jérôme;MARBOT;Pyrénées-Atlantiques;64;1;https://www.facebook.com/JeromeMarbotPau/?fref=ts;https://twitter.com/jeromemarbot?lang=fr;http://www.parti-socialiste.fr/personnalite/jerome-marbot/
Nathalie;CHABANNE;Pyrénées-Atlantiques;64;2;https://www.facebook.com/Chabanne.Nat/;https://twitter.com/SylvieMaisonnet;http://www.parti-socialiste.fr/personnalite/nathalie-chabanne/
Renaud;LAGRAVE;Landes;40;1;https://www.facebook.com/renaud.lagrave?fref=ts;https://twitter.com/renaudlagrave;http://www.parti-socialiste.fr/personnalite/renaud-lagrave/
Guillaume;MOLIERAC;Lot-et-Garonne;47;3;;https://twitter.com/gmolierac;http://www.parti-socialiste.fr/personnalite/guillaume-molierac/
Bernard;GARRIGOU;Gironde;33;7;https://www.facebook.com/garrigou2017/?fref=ts;;http://www.parti-socialiste.fr/personnalite/bernard-garrigou/
Lucette;LOUSTEAU;Lot-et-Garonne;47;1;;https://twitter.com/LucetteLousteau;http://www.parti-socialiste.fr/personnalite/lucette-lousteau/
Boris;VALLAUD;Landes;40;3;;;http://www.parti-socialiste.fr/personnalite/boris-vallaud/
Matthias;FEKL;Lot-et-Garonne;47;2;https://www.facebook.com/matthias.fekl/?fref=ts;https://twitter.com/MatthiasFekl;http://www.parti-socialiste.fr/personnalite/matthias-fekl/
Naima;CHARAI;Gironde;33;3;https://www.facebook.com/naima.charai.7?fref=ts;https://twitter.com/NaimaCharai;http://www.parti-socialiste.fr/personnalite/naima-charai/
Michèle;LACOSTE;Gironde;33;11;;;http://www.parti-socialiste.fr/personnalite/michele-lacoste/
Christine;BASLY LAPEGUE;Landes;40;2;https://www.facebook.com/ChristineBaslyLapegue/?fref=ts;;http://www.parti-socialiste.fr/personnalite/christine-basly-lapegue/
Gilles;SAVARY;Gironde;33;9;https://www.facebook.com/Savary2012/?ref=ts&fref=ts;https://twitter.com/GilleSavary;http://www.parti-socialiste.fr/personnalite/gilles-savary/
Marie;RECALDE;Gironde;33;6;https://www.facebook.com/marie.recalde.9;https://twitter.com/marierecalde?lang=fr;http://www.parti-socialiste.fr/personnalite/marie-recalde-2/
Alain;DAVID;Gironde;33;4;https://www.facebook.com/AlainDavid2014/?fref=ts;;http://www.parti-socialiste.fr/personnalite/alain-david/
Pascale;GOT;Gironde;33;10;https://www.facebook.com/pascale.got;https://twitter.com/Pascalegot;http://www.parti-socialiste.fr/personnalite/pascale-got/
Benjamin;DELRIEUX;Dordogne;24;4;https://www.facebook.com/benjamindelrieux2017/?fref=ts;https://twitter.com/BenjaminDelrieu;http://www.parti-socialiste.fr/personnalite/benjamin-delrieux/
Michèle;DELAUNAY;Gironde;33;2;https://www.facebook.com/michele.delaunay/;https://twitter.com/micheledelaunay?lang=fr;http://www.parti-socialiste.fr/personnalite/michele-delaunay/
Sandrine;DOUCET;Gironde;33;1;https://www.facebook.com/Sandrine-Doucet-448693545214458/?fref=ts;https://twitter.com/Doucet_Sandrine;http://www.parti-socialiste.fr/personnalite/sandrine-doucet-2/
Michel;VERGNIER;Creuse;23;1;https://www.facebook.com/michelvergnier/?fref=ts;https://twitter.com/MichelVERGNIER?lang=fr;http://www.parti-socialiste.fr/personnalite/michel-vergnier/
Colette;LANGLADE;Dordogne;24;3;https://www.facebook.com/langladecolette/?fref=ts;https://twitter.com/ColetteLanglade;http://www.parti-socialiste.fr/personnalite/colette-langlade/
Michel;MOYRAND;Dordogne;24;1;;https://twitter.com/MichelMoyrand?lang=fr;http://www.parti-socialiste.fr/personnalite/michel-moyrand/
Bernard;COMBES;Corrèze;19;1;https://www.facebook.com/BernardCombes2017/?fref=ts;https://twitter.com/BernardCombes;http://www.parti-socialiste.fr/personnalite/bernard-combes/
Mickaël;Vallet;Charente-Maritime;17;5;https://www.facebook.com/Micka%C3%ABl-Vallet-page-officielle-118544158211481/;https://twitter.com/mickaelvallet?lang=fr;http://www.parti-socialiste.fr/personnalite/mickael-vallet/
Jérôme;LAMBERT;Charente;16;3;;https://twitter.com/jeromelambert16;http://www.parti-socialiste.fr/personnalite/jerome-lambert/
Philippe;NAUCHE;Corrèze;19;2;https://www.facebook.com/PhilippeNaucheBrive/?fref=ts;https://twitter.com/PhilippeNauche;http://www.parti-socialiste.fr/personnalite/philippe-nauche/
Marianne;REYNAUD;Charente;16;2;https://www.facebook.com/reynaudmarianne?fref=ts;https://twitter.com/MarianneReynaud;http://www.parti-socialiste.fr/personnalite/marianne-reynaud/
Françoise;MESNARD;Charente-Maritime;17;3;https://www.facebook.com/saintonge2017/?fref=ts;https://twitter.com/fmesnard;http://www.parti-socialiste.fr/personnalite/francoise-mesnard/
Martine;PINVILLE;Charente;16;1;;https://twitter.com/MartinePinville;http://www.parti-socialiste.fr/personnalite/martine-pinville/
Fabienne;DUGAS RAVENEAU;Charente-Maritime;17;4;https://www.facebook.com/Fabienne-Dugas-Raveneau-2017-136885839707140/?fref=ts;https://twitter.com/fdugasraveneau?lang=fr;http://www.parti-socialiste.fr/personnalite/fabienne-dugas-raveneau/
Jean;Pierre THEVENOT;Seine-Maritime;76;10;https://www.facebook.com/Jean-Pierre-Th%C3%A9venot-2017-220437415106479/?fref=ts;https://twitter.com/JP_THEVENOT;http://www.parti-socialiste.fr/personnalite/jean-pierre-thevenot/
Matthieu;BRASSE;Seine-Maritime;76;7;https://www.facebook.com/MatthieuBrasseLH/?fref=ts;https://twitter.com/MattBrasseLH;http://www.parti-socialiste.fr/personnalite/matthieu-brasse/
Marie;LE VERN;Seine-Maritime;76;6;https://www.facebook.com/marie.levern/?fref=ts;https://twitter.com/Marie_LeVern;http://www.parti-socialiste.fr/personnalite/marie-le-vern/
Catherine;TROALLIC;Seine-Maritime;76;8;https://www.facebook.com/CaTroallic/?fref=ts;https://twitter.com/CaTroallic;http://www.parti-socialiste.fr/personnalite/catherine-troallic/
Christophe;BOUILLON;Seine-Maritime;76;5;https://www.facebook.com/cbouillon1?fref=ts;https://twitter.com/Chris_Bouillon;http://www.parti-socialiste.fr/personnalite/christophe-bouillon-2/
Estelle;GRELIER;Seine-Maritime;76;9;https://www.facebook.com/estelle.grelier/?fref=ts;https://twitter.com/estellegrelier;http://www.parti-socialiste.fr/personnalite/estelle-grelier-2/
Guillaume;BACHELAY;Seine-Maritime;76;4;https://www.facebook.com/guillaume.bachelay.7;https://twitter.com/GBachelay;http://www.parti-socialiste.fr/personnalite/guillaume-bachelay-2/
Luce;PANE;Seine-Maritime;76;3;https://www.facebook.com/luce.pane;;http://www.parti-socialiste.fr/personnalite/luce-pane/
Valérie;FOURNEYRON;Seine-Maritime;76;1;https://www.facebook.com/profile.php?id=100013789264334;https://twitter.com/vfourneyron;http://www.parti-socialiste.fr/personnalite/valerie-fourneyron/
Jacques;Antoine PHILIPPE;Seine-Maritime;76;2;https://www.facebook.com/Jacques-Antoine-Philippe-2017-209497132870454/?fref=ts;;http://www.parti-socialiste.fr/personnalite/jacques-antoine-philippe/
Serge;Delavallée;Orne;61;2;https://www.facebook.com/serge.delavallee;https://twitter.com/Delavalleeserge;http://www.parti-socialiste.fr/personnalite/serge-delavallee/
Isabelle;Boscher;Orne;61;3;https://www.facebook.com/profile.php?id=100012748090807;;http://www.parti-socialiste.fr/personnalite/isabelle-boscher/
Martine;SEGUELA;Eure;27;5;https://www.facebook.com/MartineSeguela2017/?fref=ts;https://twitter.com/martineseguela?lang=fr;http://www.parti-socialiste.fr/personnalite/martine-seguela/
Arnaud;CATHERINE;Manche;50;4;https://www.facebook.com/ACATHERINE2017/;https://twitter.com/arnaudccc?lang=fr;http://www.parti-socialiste.fr/personnalite/arnaud-catherine/
Richard;Jacquet;Eure;27;4;https://www.facebook.com/richardjacquet;https://twitter.com/richardjacquet1?lang=fr;http://www.parti-socialiste.fr/personnalite/richard-jacquet/
Clotilde;Valter;Calvados;14;3;https://www.facebook.com/clotilde.valter;https://twitter.com/clotildevalter?lang=fr;http://www.parti-socialiste.fr/personnalite/clotilde-valter/
Xavier;MADELAINE;Calvados;14;4;;;http://www.parti-socialiste.fr/personnalite/xavier-madelaine/
Laurence;DUMONT;Calvados;14;2;https://www.facebook.com/Laurence-Dumont-973941822650858/;;http://www.parti-socialiste.fr/personnalite/laurence-dumont/
Dominique;LEFEBVRE;Oise;95;10;https://www.facebook.com/Dominique-Lefebvre-281525295101/;https://twitter.com/LefebvrePS;http://www.parti-socialiste.fr/personnalite/dominique-lefebvre/
Eric;VEVE;Calvados;14;1;;https://twitter.com/EricVeve?lang=fr;http://www.parti-socialiste.fr/personnalite/eric-veve/
Guilaine;PESTIE;Oise;95;6;;https://twitter.com/gpaoa;http://www.parti-socialiste.fr/personnalite/guilaine-pestie/
Sandra;NGUYEN DEROSIER;Oise;95;1;https://www.facebook.com/nguyenderosier/?fref=ts;;http://www.parti-socialiste.fr/personnalite/sandra-nguyen-derosier/
Philippe;DOUCET;Oise;95;5;https://www.facebook.com/Philippe-Doucet-233465733388522/?fref=ts;https://twitter.com/pdoucet;http://www.parti-socialiste.fr/personnalite/philippe-doucet-2/
Luc;BROUSSY;Oise;95;9;https://www.facebook.com/LucBroussy2017/?fref=ts;https://twitter.com/LucBroussy;http://www.parti-socialiste.fr/personnalite/luc-broussy-2/
Marie-José;Beaulande;;;;;;http://www.parti-socialiste.fr/personnalite/marie-jose-beaulande/
Ayda;HADIZADEH;Oise;95;2;https://www.facebook.com/aydadeputee/?fref=ts;https://twitter.com/aydahadi;http://www.parti-socialiste.fr/personnalite/ayda-hadizadeh/
Luc;CARVOUNAS;Val-de-Marne;94;9;https://www.facebook.com/luccarvounas/?fref=ts;https://twitter.com/luccarvounas;http://www.parti-socialiste.fr/personnalite/luc-carvounas-2/
Nelly;LEON;Oise;95;3;;;http://www.parti-socialiste.fr/personnalite/nelly-leon/
Zakaria;ZAIDANE;Val-de-Marne;94;4;;https://twitter.com/zakariazaidane;http://www.parti-socialiste.fr/personnalite/zakaria-zaidane/
Elisabeth;POCHON;Seine-Saint-Denis;93;8;https://www.facebook.com/PochonElisabeth/?fref=ts;https://twitter.com/ElisabethPochon;http://www.parti-socialiste.fr/personnalite/elisabeth-pochon/
Razzy;HAMMADI;Seine-Saint-Denis;93;7;https://www.facebook.com/RHammadi/?fref=ts;https://twitter.com/RHammadi;http://www.parti-socialiste.fr/personnalite/razzy-hammadi-2/
Daniel;GOLDBERG;Seine-Saint-Denis;93;10;;https://twitter.com/GoldbergDaniel;http://www.parti-socialiste.fr/personnalite/daniel-goldberg/
Caroline;ADOMO;Val-de-Marne;94;5;https://www.facebook.com/caroline.adomo.2012;https://twitter.com/CarolineADOMO;http://www.parti-socialiste.fr/personnalite/caroline-adomo/
Valérie;MERY FRITZ;Seine-Saint-Denis;93;5;;https://twitter.com/ValFritzMery;http://www.parti-socialiste.fr/personnalite/valerie-mery-fritz/
Elisabeth;GUIGOU;Seine-Saint-Denis;93;6;https://www.facebook.com/elisabeth.guigou/?ref=ts&fref=ts&qsefr=1;https://twitter.com/elisabethguigou;http://www.parti-socialiste.fr/personnalite/elisabeth-guigou/
Jean-Marc;GERMAIN;Hauts-de-Seine;92;12;;https://twitter.com/jmgermain;http://www.parti-socialiste.fr/personnalite/jean-marc-germain-2/
Mathieu;HANOTIN;Seine-Saint-Denis;93;2;https://www.facebook.com/mathieu.hanotin/?fref=ts;https://twitter.com/MathieuHanotin;http://www.parti-socialiste.fr/personnalite/mathieu-hanotin/
Benjamin;LANIER;Hauts-de-Seine;92;13;;https://twitter.com/benjaminlanier;http://www.parti-socialiste.fr/personnalite/benjamin-lanier/
Thomas;PUIJALON;Hauts-de-Seine;92;10;;https://twitter.com/tpuijalon;http://www.parti-socialiste.fr/personnalite/thomas-puijalon/
Julie;SOMMARUGA;Hauts-de-Seine;92;11;https://www.facebook.com/julie.sommaruga;https://twitter.com/JulieSOMMARUGA;http://www.parti-socialiste.fr/personnalite/julie-sommaruga/
Marie;BRANNENS;Hauts-de-Seine;92;6;;;http://www.parti-socialiste.fr/personnalite/marie-brannens/
Catherine;LIME BIFFE;Hauts-de-Seine;92;8;;https://twitter.com/CatherineLime;http://www.parti-socialiste.fr/personnalite/catherine-lime-biffe/
Habiba;BIGDADE;Hauts-de-Seine;92;4;https://www.facebook.com/hbigdade/?fref=ts;https://twitter.com/HabibaBigdade;http://www.parti-socialiste.fr/personnalite/habiba-bigdade/
Isabelle;DAHAN;Hauts-de-Seine;92;3;https://www.facebook.com/IsabelleDahan92/?fref=ts;https://twitter.com/isabelledahan92;http://www.parti-socialiste.fr/personnalite/isabelle-dahan/
Lies;MESSATFA;Hauts-de-Seine;92;5;https://www.facebook.com/LMessatfa/?fref=ts;https://twitter.com/LiesMessatfa;http://www.parti-socialiste.fr/personnalite/lies-messatfa/
Alexis;BACHELAY;Hauts-de-Seine;92;1;https://www.facebook.com/ABachelay/?fref=ts;https://twitter.com/ABachelay;http://www.parti-socialiste.fr/personnalite/alexis-bachelay/
Chantal;BARTHELEMY RUIZ;Hauts-de-Seine;92;2;;;http://www.parti-socialiste.fr/personnalite/chantal-barthelemy-ruiz/
Faten;Ben Ahmed;;;;;;http://www.parti-socialiste.fr/personnalite/faten-ben-ahmed/
Malek;BOUTIH;Essonne;91;10;;https://twitter.com/MalekBoutih;http://www.parti-socialiste.fr/personnalite/malek-boutih/
Maud;OLIVIER;Essonne;91;5;https://www.facebook.com/maud.olivier?fref=ts;https://twitter.com/OlivierMaud;http://www.parti-socialiste.fr/personnalite/maud-olivier/
Jérôme;GUEDJ;Essonne;91;6;;https://twitter.com/JeromeGuedj;http://www.parti-socialiste.fr/personnalite/jerome-guedj/
Romain;COLAS;Essonne;91;9;https://www.facebook.com/ColasRomain/?fref=ts;https://twitter.com/romaincolas;http://www.parti-socialiste.fr/personnalite/romain-colas/
Michel;POUZOL;Essonne;91;3;https://www.facebook.com/Michel-Pouzol-347946781968131/;https://twitter.com/MichelPouzol;http://www.parti-socialiste.fr/personnalite/michel-pouzol/
Ophélie;GUIN;Essonne;91;4;;https://twitter.com/OphelieGuin;http://www.parti-socialiste.fr/personnalite/ophelie-guin/
Benoit;HAMON;Yvelines;78;11;https://www.facebook.com/hamonbenoit/?fref=ts;https://twitter.com/benoithamon;http://www.parti-socialiste.fr/personnalite/benoit-hamon/
Ali;MOHAMMAD;Yvelines;78;9;https://www.facebook.com/ali.mohammad.5268?fref=ts;;http://www.parti-socialiste.fr/personnalite/ali-mohammad/
Marie-Noelle;BAS;Yvelines;78;12;https://www.facebook.com/marienoelle.bas?fref=ts;https://twitter.com/MarieNoelleBas;http://www.parti-socialiste.fr/personnalite/marie-noelle-bas-2/
Jean-Claude;HUSSON;Yvelines;78;10;https://www.facebook.com/husson2017/;https://twitter.com/husson2017;http://www.parti-socialiste.fr/personnalite/jean-claude-husson/
Françoise;DESCAMPS CROSNIER;Yvelines;78;8;https://www.facebook.com/fdc2017/?fref=ts;;http://www.parti-socialiste.fr/personnalite/francoise-descamps-crosnier/
Monika;BELALA;Yvelines;78;4;;https://twitter.com/Monika_Belala;http://www.parti-socialiste.fr/personnalite/monika-belala/
Angéline;SILLY;Yvelines;78;6;https://www.facebook.com/ASilly2017/?fref=ts;https://twitter.com/AngelineSilly;http://www.parti-socialiste.fr/personnalite/angeline-silly/
Nicolas;HUE;Yvelines;78;3;https://www.facebook.com/nicolas.hue.14?fref=ts;https://twitter.com/huenicolas78;http://www.parti-socialiste.fr/personnalite/nicolas-hue/
Charlotte;ROSSETTINI;Yvelines;78;1;https://www.facebook.com/charlotte.rossettini?fref=ts;https://twitter.com/Charlotterosse5;http://www.parti-socialiste.fr/personnalite/charlotte-rossettini/
Amroze;ADJUWARD;Yvelines;78;7;https://www.facebook.com/innovons.velizy?ref=ts&fref=ts&qsefr=1;https://twitter.com/InnovonsVelizy;http://www.parti-socialiste.fr/personnalite/amroze-adjuward/
Juliette;MEADEL;Seine-et-Marne;77;10;https://www.facebook.com/juliettemeadel/?fref=ts;https://twitter.com/juliettemeadel;http://www.parti-socialiste.fr/personnalite/juliette-meadel-2/
Olivier;FAURE;Seine-et-Marne;77;11;https://www.facebook.com/olivierfaure77/?fref=ts;https://twitter.com/faureolivier;http://www.parti-socialiste.fr/personnalite/olivier-faure-2/
Stéphane;JABUT;Seine-et-Marne;77;7;https://www.facebook.com/stephane.jabut?fref=ts;https://twitter.com/StephaneJabut;http://www.parti-socialiste.fr/personnalite/stephane-jabut/
Monique;DELESSARD;Seine-et-Marne;77;9;https://www.facebook.com/profile.php?id=100011597530428&fref=ts;;http://www.parti-socialiste.fr/personnalite/monique-delessard/
Eduardo;RIHAN CYPEL;Seine-et-Marne;77;8;https://www.facebook.com/eduardo.cypel?fref=ts;https://twitter.com/Rihan_Cypel;http://www.parti-socialiste.fr/personnalite/eduardo-rihan-cypel-2/
Olivier;HUSSON;Seine-et-Marne;77;4;https://www.facebook.com/OlivierHusson2017/?fref=ts;https://twitter.com/olivierhusson17;http://www.parti-socialiste.fr/personnalite/olivier-husson/
Bastien;MARGUERITE;Seine-et-Marne;77;6;https://www.facebook.com/bastienmargueritemeaux/?fref=ts;https://twitter.com/bmarguerite;http://www.parti-socialiste.fr/personnalite/bastien-marguerite/
Marie;Laure FAGES;Seine-et-Marne;77;3;https://www.facebook.com/Fages2017/;https://twitter.com/MLFages;http://www.parti-socialiste.fr/personnalite/marie-laure-fages-2/
Nicolas;ALIX;Seine-et-Marne;77;1;https://www.facebook.com/NicolasAlix2017/;https://twitter.com/Nico_Alix;http://www.parti-socialiste.fr/personnalite/nicolas-alix/
Colombe;BROSSEL;Paris;75;17;https://www.facebook.com/colombe.brossel?fref=ts;https://twitter.com/CBrossel2017;http://www.parti-socialiste.fr/personnalite/colombe-brossel-2/
Jean;Christophe CAMBADELIS;Paris;75;16;https://www.facebook.com/jccambadelis/?fref=ts;https://twitter.com/jccambadelis;http://www.parti-socialiste.fr/personnalite/jean-christophe-cambadelis-2/
Myriam;EL KHOMRI;Paris;75;18;https://www.facebook.com/myriam.khomri/?fref=ts;https://twitter.com/MyriamElKhomri;http://www.parti-socialiste.fr/personnalite/myriam-el-khomri/
George;PAU LANGEVIN;Paris;75;15;https://www.facebook.com/georgepaulange20/?fref=ts;https://twitter.com/Pau_Langevin;http://www.parti-socialiste.fr/personnalite/george-pau-langevin/
Pierre-Alain;WEILL;Paris;75;14;https://www.facebook.com/PAW2017/?fref=ts;https://twitter.com/PAWeill;http://www.parti-socialiste.fr/personnalite/pierre-alain-weill-2/
Seybah;DAGOMA;Paris;75;5;https://www.facebook.com/seybahdagoma/?fref=ts;https://twitter.com/SeybahDagoma;http://www.parti-socialiste.fr/personnalite/seybah-dagoma-2/
Florian;SITBON;Paris;75;12;https://www.facebook.com/florian.sitbon.37?fref=ts;https://twitter.com/FlorianSitbon;http://www.parti-socialiste.fr/personnalite/florian-sitbon/
Sandrine;MAZETIER;Paris;75;8;https://www.facebook.com/sandrine.mazetier/?fref=ts;https://twitter.com/S_Mazetier;http://www.parti-socialiste.fr/personnalite/sandrine-mazetier-2/
Pascal;CHERKI;Paris;75;11;https://www.facebook.com/cherkipascal/?fref=ts;https://twitter.com/pascalcherki;http://www.parti-socialiste.fr/personnalite/pascal-cherki/
Patrick;BLOCHE;Paris;75;7;https://www.facebook.com/patrickbloche/;https://twitter.com/pbloche;http://www.parti-socialiste.fr/personnalite/patrick-bloche-2/
Jean-Marie;LE GUEN;Paris;75;9;https://www.facebook.com/leguen.jeanmarie/?fref=ts;https://twitter.com/jm_leguen;http://www.parti-socialiste.fr/personnalite/jean-marie-guen/
Fabrice;DASSIE;Paris;75;4;https://www.facebook.com/fabrice.dassie?fref=ts;https://twitter.com/fabrice_dassie;http://www.parti-socialiste.fr/personnalite/fabrice-dassie/
Marine;ROSSET;Paris;75;2;https://www.facebook.com/profile.php?id=100008199645560&fref=ts;https://twitter.com/MarineRosset;http://www.parti-socialiste.fr/personnalite/marine-rosset/
Annick;LEPETIT;Paris;75;3;https://www.facebook.com/Annick-Lepetit-115677711795604/?fref=ts;https://twitter.com/annick_lepetit;http://www.parti-socialiste.fr/personnalite/annick-lepetit/
Pauline;VERON;Paris;75;1;https://www.facebook.com/profile.php?id=100014655784623&fref=ts;https://twitter.com/PaulineVeron;http://www.parti-socialiste.fr/personnalite/pauline-veron/
Benjamin;LUCAS;Somme;80;5;https://www.facebook.com/ben.lucas.33?fref=ts;https://twitter.com/benlucas80;http://www.parti-socialiste.fr/personnalite/benjamin-lucas/
Pascale;BOISTARD;Somme;80;1;https://www.facebook.com/PascaleBoistard/;https://twitter.com/Pascaleboistard;http://www.parti-socialiste.fr/personnalite/pascale-boistard/
Philippe;KEMEL;Pas-de-Calais;62;11;https://www.facebook.com/philippe.kemel?fref=ts;https://twitter.com/philippekemel?lang=fr;http://www.parti-socialiste.fr/personnalite/philippe-kemel/
Nicolas;BAYS;Pas-de-Calais;62;12;https://www.facebook.com/nicolasbaysdepute/;https://twitter.com/nicolasbays?lang=fr;http://www.parti-socialiste.fr/personnalite/nicolas-bays/
Bernard;CAILLIAU;Pas-de-Calais;62;10;;;http://www.parti-socialiste.fr/personnalite/bernard-cailliau/
Yann;CAPET;Pas-de-Calais;62;7;;https://twitter.com/Yann_Capet;http://www.parti-socialiste.fr/personnalite/yann-capet/
Bertrand;PETIT;Pas-de-Calais;62;8;;;http://www.parti-socialiste.fr/personnalite/bertrand-petit/
Frédéric;CUVILLIER;Pas-de-Calais;62;5;https://www.facebook.com/fcuvillier2/?fref=ts;https://twitter.com/fcuvillier;http://www.parti-socialiste.fr/personnalite/frederic-cuvillier/
Brigitte;BOURGUIGNON;Pas-de-Calais;62;6;https://www.facebook.com/bbourguignondeputee/;https://twitter.com/BourguignonBrig;http://www.parti-socialiste.fr/personnalite/brigitte-bourguignon-2/
Frédérique;MASSON;Pas-de-Calais;62;3;;https://twitter.com/fred_masson;http://www.parti-socialiste.fr/personnalite/frederique-masson-2/
Blandine;DRAIN;Pas-de-Calais;62;4;https://www.facebook.com/drain.blandine/?fref=ts;https://twitter.com/BlandineDrain;http://www.parti-socialiste.fr/personnalite/blandine-drain/
Jean-Jacques;COTTEL;Pas-de-Calais;62;1;https://www.facebook.com/jjcotteldepute/?fref=ts;https://twitter.com/cotteljj;http://www.parti-socialiste.fr/personnalite/jean-jacques-cottel/
Jacqueline;MAQUET;Pas-de-Calais;62;2;;https://twitter.com/JMaquetDeputee;http://www.parti-socialiste.fr/personnalite/jacqueline-maquet/
Alexandre;OUIZILLE;Oise;60;7;https://www.facebook.com/ouizille.alexandre?fref=ts;https://twitter.com/aouizille;http://www.parti-socialiste.fr/personnalite/alexandre-ouizille/
Johann;LUCAS;Oise;60;3;https://www.facebook.com/JohannLucas2017/?fref=ts;https://twitter.com/johannlucasfr?lang=fr;http://www.parti-socialiste.fr/personnalite/johann-lucas/
Christine;LAURENT;Nord;59;21;;https://twitter.com/chrislaurentva;http://www.parti-socialiste.fr/personnalite/christine-laurent/
Agnès;DUPUIS;Nord;59;17;https://www.facebook.com/AgnesDupuis2017/;https://twitter.com/AgnesDupuis2017;http://www.parti-socialiste.fr/personnalite/agnes-dupuis/
Marcel;LOUREL;Nord;59;20;;;http://www.parti-socialiste.fr/personnalite/marcel-lourel/
Claire;POMMEYROL BURLET;Nord;59;18;;;http://www.parti-socialiste.fr/personnalite/claire-pommeyrol-burlet/
Michel;LABITTE;Nord;59;15;https://www.facebook.com/Michel-LabitteValerie-Pringuez-2017-1282336875156017/?fref=ts;https://twitter.com/labittepringuez?lang=fr;http://www.parti-socialiste.fr/personnalite/michel-labitte/
Frédéric;DELANNOY;Nord;59;16;;;http://www.parti-socialiste.fr/personnalite/frederic-delannoy/
Rémi;PAUVROS;Nord;59;3;https://www.facebook.com/remipauvros1/?fref=ts;https://twitter.com/RPauvros;http://www.parti-socialiste.fr/personnalite/remi-pauvros/
Audrey;LINKENHELD;Nord;59;2;;https://twitter.com/linkenheld_a?lang=fr;http://www.parti-socialiste.fr/personnalite/audrey-linkenheld/
François;LAMY;Nord;59;1;https://www.facebook.com/francois.lamy.37/?fref=ts;https://twitter.com/lamy_f;http://www.parti-socialiste.fr/personnalite/francois-lamy-2/
Marie-Françoise;Bechtel;Aisne;02;4;https://www.facebook.com/DeputeeBechtel;https://twitter.com/mfbechtel;http://www.parti-socialiste.fr/personnalite/marie-francoise-bechtel/
Jean-Louis;BRICOUT;Aisne;02;3;;https://twitter.com/jlbricout;http://www.parti-socialiste.fr/personnalite/jean-louis-bricout/
Christian;FRANQUEVILLE;Vosges;88;4;;;http://www.parti-socialiste.fr/personnalite/christian-franqueville/
Pierre;Parra;Haut-Rhin;68;6;;;http://www.parti-socialiste.fr/personnalite/pierre-parra/
Abdellatif;Timdouine;Haut-Rhin;68;5;https://www.facebook.com/abdellatif.timdouine.9;https://twitter.com/timabdell?lang=en;http://www.parti-socialiste.fr/personnalite/abdellatif-timdouine/
Eric;ELKOUBY;Bas-Rhin;67;1;https://www.facebook.com/profile.php?id=100011238844986;;http://www.parti-socialiste.fr/personnalite/eric-elkouby/
Michel;LIEBGOTT;Moselle;57;8;;https://twitter.com/MichelLiebgott;http://www.parti-socialiste.fr/personnalite/michel-liebgott/
Serge;OEHLER;Bas-Rhin;67;3;https://www.facebook.com/Serge.Oehler;https://twitter.com/SergeOehler;http://www.parti-socialiste.fr/personnalite/serge-oehler/
Brigitte;VAISSE;Moselle;57;9;;https://twitter.com/VaisseBrigitte;http://www.parti-socialiste.fr/personnalite/brigitte-vaisse/
Paola;ZANETTI;Moselle;57;7;https://www.facebook.com/paolazanetti57/?fref=ts;https://twitter.com/paolazanetti57;http://www.parti-socialiste.fr/personnalite/paola-zanetti/
Angèle;DUFFLO;Moselle;57;5;https://www.facebook.com/angeledufflo.lorraine/?fref=ts;https://twitter.com/angeledufflo;http://www.parti-socialiste.fr/personnalite/angele-dufflo/
Jean-Christophe;KINNEL;Moselle;57;6;https://www.facebook.com/kinnel2017/?fref=ts;;http://www.parti-socialiste.fr/personnalite/jean-christophe-kinnel/
Jean-Michel;TOULOUZE;Moselle;57;2;;https://twitter.com/jmtoulouze;http://www.parti-socialiste.fr/personnalite/jean-michel-toulouze/
Nathalie;DE OLIVEIRA;Moselle;57;3;https://www.facebook.com/nathaliedeoliveira2017/?fref=ts;https://twitter.com/N_de_Oliveira;http://www.parti-socialiste.fr/personnalite/nathalie-de-oliveira/
Jean;Louis DUMONT;Meuse;55;2;https://www.facebook.com/jldumont55/;https://twitter.com/JLDumont55;http://www.parti-socialiste.fr/personnalite/jean-louis-dumont/
Julien;VAILLANT;Pyrénées-Atlantiques;64;6;;https://twitter.com/vaillant_julien?lang=fr;http://www.parti-socialiste.fr/personnalite/julien-vaillant/
Arnaud;MAC FARLANE;Meuse;55;1;;;http://www.parti-socialiste.fr/personnalite/arnaud-mac-farlane/
Hervé;FERON;Meurthe-et-Moselle;54;2;https://www.facebook.com/herve.feron;https://twitter.com/HerveFeron;http://www.parti-socialiste.fr/personnalite/herve-feron/
Dominique;POTIER;Meurthe-et-Moselle;54;5;https://www.facebook.com/potierdominique/?fref=ts;https://twitter.com/PotierDominique;http://www.parti-socialiste.fr/personnalite/dominique-potier-2/
Christian;ECKERT;Meurthe-et-Moselle;54;3;;https://twitter.com/CECKERT56;http://www.parti-socialiste.fr/personnalite/christian-eckert/
Chaynesse;KHIROUNI;Meurthe-et-Moselle;54;1;https://www.facebook.com/chaynessekhirouni/?fref=ts;;http://www.parti-socialiste.fr/personnalite/chaynesse-khirouni/
Rudy;NAMUR;Marne;51;4;;https://twitter.com/RudyNAMUR;http://www.parti-socialiste.fr/personnalite/rudy-namur/
Antoine;DESFRETIER;Haute-Marne;52;2;;https://twitter.com/antoinedesf;http://www.parti-socialiste.fr/personnalite/antoine-desfretier/
Imane;MANIANI;Marne;51;2;;;http://www.parti-socialiste.fr/personnalite/imane-maniani/
Linda;MUNSTER;Marne;51;5;;https://twitter.com/lindamunst;http://www.parti-socialiste.fr/personnalite/linda-munster/
Hadhoum;BELAREDJ TUNC;Marne;51;3;;https://twitter.com/hadhoumBelaredj;http://www.parti-socialiste.fr/personnalite/hadhoum-belaredj-tunc/
Aurélie;FILIPPETTI;Moselle;57;1;https://www.facebook.com/filippetti2017/?fref=ts;https://twitter.com/aurelifil;http://www.parti-socialiste.fr/personnalite/aurelie-filippetti/
Alexandre;TUNC;Marne;51;1;;https://twitter.com/TuncAlexandre;http://www.parti-socialiste.fr/personnalite/alexandre-tunc/
Philippe;BIES;Bas-Rhin;67;2;https://www.facebook.com/philippe.bies.3;https://twitter.com/PhilippeBIES;http://www.parti-socialiste.fr/personnalite/philippe-bies/
Emmanuel;PROVIN;Aube;10;1;;https://twitter.com/emmanuelprovin?lang=fr;http://www.parti-socialiste.fr/personnalite/emmanuel-provin/
David;BLANCHON;Aube;10;3;;https://twitter.com/BlanchonDavid;http://www.parti-socialiste.fr/personnalite/david-blanchon/
Audrey;AIT KEDDACHE;Aube;10;2;;https://twitter.com/Audrey_AK?lang=fr;http://www.parti-socialiste.fr/personnalite/audrey-ait-keddache/
Didier;HERBILLON;Ardennes;08;3;;https://twitter.com/HerbillonDidier;http://www.parti-socialiste.fr/personnalite/didier-herbillon/
Emmanuelle;DE GENTILI;Haute-Corse;2B;1;https://www.facebook.com/degentili/;https://twitter.com/degentili;http://www.parti-socialiste.fr/personnalite/emmanuelle-de-gentili-2/
Christophe;LÉONARD;Ardennes;08;2;https://www.facebook.com/Christophe-L%C3%A9onard-D%C3%A9put%C3%A9-des-Ardennes-308108769232031/;https://twitter.com/Ch_Leonard?lang=fr;http://www.parti-socialiste.fr/personnalite/christophe-leonard/
Valérie;CORRE;Loiret;45;6;https://www.facebook.com/valeriecorredeputeeloiret/?fref=ts;https://twitter.com/Valerie_Corre;http://www.parti-socialiste.fr/personnalite/valerie-corre-2/
Olivier;JOUIN;Loiret;45;1;;https://twitter.com/JouinOlivier;http://www.parti-socialiste.fr/personnalite/olivier-jouin/
Thierry;STROMBONI;Loiret;45;5;;;http://www.parti-socialiste.fr/personnalite/thierry-stromboni/
Denys;ROBILIARD;Loir-et-Cher;41;1;;https://twitter.com/DenysRobiliard;http://www.parti-socialiste.fr/personnalite/denys-robiliard/
Jalila;GABORET;Loiret;45;4;;;http://www.parti-socialiste.fr/personnalite/jalila-gaboret/
Didier;GUENIN;Loir-et-Cher;41;2;;https://twitter.com/loireapied;http://www.parti-socialiste.fr/personnalite/didier-guenin/
Yann;GALUT;Cher;18;3;https://www.facebook.com/YANN.GALUT.18/?fref=ts;https://twitter.com/yanngalut;http://www.parti-socialiste.fr/personnalite/yann-galut/
Agnès;SINSOULIER;Cher;18;2;;https://twitter.com/asinsoulier;http://www.parti-socialiste.fr/personnalite/agnes-sinsoulier/
Céline;BEZOUI;Cher;18;1;;https://twitter.com/celinebezoui;http://www.parti-socialiste.fr/personnalite/celine-bezoui/
Marie;Christine LE MOUEL;Morbihan;56;3;https://www.facebook.com/mariechristine.lemouel/?fref=ts;;http://www.parti-socialiste.fr/personnalite/marie-christine-mouel/
Stéphanie;LE SQUER;Morbihan;56;2;;https://twitter.com/S_LESQUER;http://www.parti-socialiste.fr/personnalite/stephanie-le-squer/
Gwendal;ROUILLARD;Morbihan;56;5;;https://twitter.com/G_ROUILLARD;http://www.parti-socialiste.fr/personnalite/gwendal-rouillard/
Hervé;PELLOIS;Morbihan;56;1;https://www.facebook.com/Herv%C3%A9-Pellois-200107583401791/?fref=ts;https://twitter.com/HervePellois?lang=fr;http://www.parti-socialiste.fr/personnalite/herve-pellois/
François;ANDRE;Ille-et-Vilaine;35;3;https://www.facebook.com/francoisandredepute/?fref=ts;https://twitter.com/FrancoisAndre35;http://www.parti-socialiste.fr/personnalite/francois-andre/
Alexandra;THIERRY;Ille-et-Vilaine;35;7;;;http://www.parti-socialiste.fr/personnalite/alexandra-thierry/
Stéphane;LENFANT;Ille-et-Vilaine;35;5;https://www.facebook.com/stephanelenfant2017/?fref=ts;;http://www.parti-socialiste.fr/personnalite/stephane-lenfant/
Evelyne;GAUTIER LE BAIL;Ille-et-Vilaine;35;6;;https://twitter.com/egautierlebail;http://www.parti-socialiste.fr/personnalite/evelyne-gautier-bail/
Franck;PICHOT;Ille-et-Vilaine;35;4;https://www.facebook.com/FranckPichot2017/;https://twitter.com/FPichot2017;http://www.parti-socialiste.fr/personnalite/franck-pichot/
Gaëlle;ANDRO;Ille-et-Vilaine;35;2;;https://twitter.com/gaelle_andro?lang=fr;http://www.parti-socialiste.fr/personnalite/gaelle-andro/
Marie-Anne;CHAPDELAINE;Ille-et-Vilaine;35;1;https://www.facebook.com/machapdelaine/?fref=ts;https://twitter.com/ma_chapdelaine;http://www.parti-socialiste.fr/personnalite/marie-anne-chapdelaine/
Michaël;QUERNEZ;Finistère;29;8;;https://twitter.com/Michaelquernez;http://www.parti-socialiste.fr/personnalite/michael-quernez/
Chantal;GUITTET RAISON;Finistère;29;5;;https://twitter.com/Guittet2017;http://www.parti-socialiste.fr/personnalite/chantal-guittet-raison/
Florence;CROM;Finistère;29;7;;https://twitter.com/Florence_Crom;http://www.parti-socialiste.fr/personnalite/florence-crom/
Gwenegan;BUI;Finistère;29;4;https://www.facebook.com/BuiGwenegan/?fref=ts;https://twitter.com/GweneganB;http://www.parti-socialiste.fr/personnalite/gwenegan-bui/
Jean-Luc;Bleunven;Finistère;29;3;https://www.facebook.com/jeanluc.bleunven;https://twitter.com/JeanLucBleunven?lang=fr;http://www.parti-socialiste.fr/personnalite/jean-luc-bleunven/
Jean-Jacques;URVOAS;Finistère;29;1;https://www.facebook.com/JJ.Urvoas/?fref=ts;https://twitter.com/JJUrvoas;http://www.parti-socialiste.fr/personnalite/jean-jacques-urvoas/
Patricia;ADAM;Finistère;29;2;;https://twitter.com/P_AdamAN;http://www.parti-socialiste.fr/personnalite/patricia-adam/
Annie;LE HOUÉROU;Armor;22;4;https://www.facebook.com/alehouerou/?fref=ts;https://twitter.com/LeHouerouA;http://www.parti-socialiste.fr/personnalite/annie-le-houerou/
Viviane;LE DISSEZ;Armor;22;2;https://www.facebook.com/viviane.ledissez;;http://www.parti-socialiste.fr/personnalite/viviane-le-dissez/
Maude;CLAVEQUIN;Belfort;90;2;;https://twitter.com/MaudeClavequin;http://www.parti-socialiste.fr/personnalite/maude-clavequin/
Michel;LESAGE;Armor;22;1;;;http://www.parti-socialiste.fr/personnalite/michel-lesage/
Dominique;Bourreau;;;;;;http://www.parti-socialiste.fr/personnalite/dominique-bourreau/
Christophe;SIRUGUE;Saône-et-Loire;71;5;https://www.facebook.com/christophe.sirugue.3;https://twitter.com/chsirugue;http://www.parti-socialiste.fr/personnalite/christophe-sirugue/
Emmanuel;COUET;Ille-et-Vilaine;35;8;;https://twitter.com/ecouet;http://www.parti-socialiste.fr/personnalite/emmanuel-couet/
Catherine;N’DIAYE;Saône-et-Loire;71;1;;https://twitter.com/ndiayecatherine;http://www.parti-socialiste.fr/personnalite/catherine-ndiaye/
Laurent;RICARD;Haute-Saône;70;1;https://www.facebook.com/laurentricard2017/;https://twitter.com/ricard_laurent?lang=fr;http://www.parti-socialiste.fr/personnalite/laurent-ricard/
Cécile;UNTERMAIER;Saône-et-Loire;71;4;https://www.facebook.com/cecile2017/?fref=ts;https://twitter.com/ceciluntermaier;http://www.parti-socialiste.fr/personnalite/cecile-untermaier/
Philippe;BAUMEL;Saône-et-Loire;71;3;https://www.facebook.com/philippe.baumel.1?fref=ts;https://twitter.com/philippebaumel;http://www.parti-socialiste.fr/personnalite/philippe-baumel/
Jérôme;LAROCHE;Haute-Saône;70;2;;;http://www.parti-socialiste.fr/personnalite/jerome-laroche/
Christian;PAUL;Nièvre;58;2;https://www.facebook.com/christianpaul58/?fref=ts;https://twitter.com/christianpaul58;http://www.parti-socialiste.fr/personnalite/christian-paul/
Gaetan;GORCE;Nièvre;58;1;https://www.facebook.com/gaetan.gorce/?fref=ts;https://twitter.com/GGorce;http://www.parti-socialiste.fr/personnalite/gaetan-gorce/
Françoise;BARTHOULOT;Jura;39;3;;;http://www.parti-socialiste.fr/personnalite/francoise-barthoulot/
Marc-Henri;DUVERNET;Jura;39;1;https://www.facebook.com/mhduvernet;https://twitter.com/mhduvernet;http://www.parti-socialiste.fr/personnalite/marc-henri-duvernet/
Frédéric;BARBIER;Doubs;25;4;https://www.facebook.com/FredericBarbier25/?fref=ts;https://twitter.com/Fred_Barbier;http://www.parti-socialiste.fr/personnalite/frederic-barbier/
Barbara;ROMAGNAN;Doubs;25;1;https://www.facebook.com/BRomagnan/?fref=ts;https://twitter.com/bromagnan;http://www.parti-socialiste.fr/personnalite/barbara-romagnan/
Sidonie;Marchal;Doubs;25;3;https://www.facebook.com/Sidonie.Marchal.2017/;;http://www.parti-socialiste.fr/personnalite/sidonie-marchal/
Anne;Dillenseger;Or;21;3;https://www.facebook.com/AnneDillenseger2017;https://twitter.com/Dillenseger2017?lang=fr;http://www.parti-socialiste.fr/personnalite/anne-dillenseger/
Sladana;ZIVKOVIC;Or;21;1;;https://twitter.com/SZivkovicDijon;http://www.parti-socialiste.fr/personnalite/sladana-zivkovic/
Pierre;PRIBETICH;Or;21;2;https://www.facebook.com/ppribetich2017?fref=ts;https://twitter.com/ppribetich2017;http://www.parti-socialiste.fr/personnalite/pierre-pribetich/
Jean-Baptiste;BAUD;Haute-Savoie;74;5;https://www.facebook.com/jbbaud2017/?fref=ts;https://twitter.com/jbbaud;http://www.parti-socialiste.fr/personnalite/jean-baptiste-baud/
Anne;FAVRELLE;Haute-Savoie;74;4;https://www.facebook.com/annefavrelle2017/?fref=ts;https://twitter.com/AnneFavrelle17;http://www.parti-socialiste.fr/personnalite/anne-favrelle/
Philippe;VIVIER;Savoie;73;3;;;http://www.parti-socialiste.fr/personnalite/philippe-vivier/
David;CHIZAT;Rhône;69;12;https://www.facebook.com/chizat2017/?fref=ts;;http://www.parti-socialiste.fr/personnalite/david-chizat/
Yves;BLEIN;Rhône;69;14;https://www.facebook.com/yvesblein2017/?fref=ts;https://twitter.com/yves_blein;http://www.parti-socialiste.fr/personnalite/yves-blein/
Françoise;BERGAME;Rhône;69;13;https://www.facebook.com/francoise.bergame?fref=ts;https://twitter.com/fbergame69?lang=fr;http://www.parti-socialiste.fr/personnalite/francoise-bergame/
Jules;JOASSARD;Rhône;69;11;;;http://www.parti-socialiste.fr/personnalite/jules-joassard/
Najat;VALLAUD BELKACEM;Rhône;69;3;https://www.facebook.com/najatvb/?fref=ts;https://twitter.com/najatvb;http://www.parti-socialiste.fr/personnalite/najat-vallaud-belkacem/
Renaud;GAUQUELIN;Rhône;69;7;https://www.facebook.com/Renaud-Gauquelin-254597464918785/;https://twitter.com/GauquelinRenaud;http://www.parti-socialiste.fr/personnalite/renaud-gauquelin/
Pascale;ROCHAS;Drôme;26;3;https://www.facebook.com/pascalerochas2017/?fref=ts;https://twitter.com/prochas2017;http://www.parti-socialiste.fr/personnalite/pascale-rochas/
Pierre;JOUVET;Drôme;26;4;https://www.facebook.com/PJouvet/?fref=ts;https://twitter.com/PJouvet;http://www.parti-socialiste.fr/personnalite/pierre-jouvet-2/
Isabelle;MALRIC;Drôme;26;2;https://www.facebook.com/IsabelleMalric26/?fref=ts;https://twitter.com/IsabelleMalric;http://www.parti-socialiste.fr/personnalite/isabelle-malric/
Olivier;DUSSOPT;Ardèche;04;2;https://www.facebook.com/Olivier-Dussopt-216531838401998/?fref=ts;https://twitter.com/olivierdussopt;http://www.parti-socialiste.fr/personnalite/olivier-dussopt/
Jean-Pierre;VEYRET;Drôme;26;1;;https://twitter.com/pjveyret;http://www.parti-socialiste.fr/personnalite/jean-pierre-veyret/
Isabelle;BRUNEAU;Indre;36;2;https://www.facebook.com/isabellebruneau2017/;https://twitter.com/IsabelleBrunea1;http://www.parti-socialiste.fr/personnalite/isabelle-bruneau/
Nadia;FAVERIS;Eure-et-Loir;28;2;https://www.facebook.com/FaverisNadia/;;http://www.parti-socialiste.fr/personnalite/nadia-faveris/
Hervé;Saulignac;Ardèche;07;1;https://www.facebook.com/herve.saulignac;https://twitter.com/hsaulignac?lang=fr;http://www.parti-socialiste.fr/personnalite/herve-saulignac/
Marisol;TOURAINE;Indre-et-Loire;37;3;https://www.facebook.com/mtouraine/?fref=ts;https://twitter.com/MarisolTouraine;http://www.parti-socialiste.fr/personnalite/touraine-marisol/
Sabine;BUIS;Ardèche;04;3;https://www.facebook.com/Sabine-Buis-141867712625874/;https://twitter.com/BuisSabine;http://www.parti-socialiste.fr/personnalite/sabine-buis-2/
Magali;ALEXANDRE;Allier;03;1;https://www.facebook.com/MagaliAlexandre2017/;https://twitter.com/MagaliAlexandr;http://www.parti-socialiste.fr/personnalite/magali-alexandre/
Stessy;SPEISSMANN;Vosges;88;3;;https://twitter.com/Stessy2;http://www.parti-socialiste.fr/personnalite/stessy-speissmann/
Laurent;BAUMEL;Indre-et-Loire;37;4;https://www.facebook.com/laurent.baumel/?fref=ts;https://twitter.com/laurentbaumel;http://www.parti-socialiste.fr/personnalite/laurent-baumel/
Aude;LEDUC;Nord;59;5;;https://twitter.com/AudeLeduc;http://www.parti-socialiste.fr/personnalite/aude-leduc/
Philippe;HARQUET;Nord;59;4;;https://twitter.com/philippeharque1?lang=fr;http://www.parti-socialiste.fr/personnalite/philippe-harquet/
Nicolas;BRIEN;Allier;03;2;;https://twitter.com/nicolasbrien03;http://www.parti-socialiste.fr/personnalite/nicolas-brien/
Yasmina;CHIGRI KERNAB;Nord;59;10;;https://twitter.com/Chigri5;http://www.parti-socialiste.fr/personnalite/yasmina-chigri-kernab/
Christian;DEVOS;Nord;59;14;;;http://www.parti-socialiste.fr/personnalite/christian-devos/
Isabelle;GAUDRON;Indre-et-Loire;37;2;https://www.facebook.com/isabellegaudron2017/?fref=ts;https://twitter.com/isabellegaudron;http://www.parti-socialiste.fr/personnalite/isabelle-gaudron/
Martine;FRANCOIS;Vosges;88;1;;;http://www.parti-socialiste.fr/personnalite/martine-francois/
Philippe;KIZIRIAN;Loire;42;3;https://www.facebook.com/Kizirian-Philippe-1638173496482941/?fref=ts;https://twitter.com/PKizirian?lang=fr;http://www.parti-socialiste.fr/personnalite/philippe-kizirian/
Fabrice;FARISON;Haute-Loire;43;1;;https://twitter.com/ffarison;http://www.parti-socialiste.fr/personnalite/fabrice-farison/
Jean-Patrick;GILLE;Indre-et-Loire;37;1;https://www.facebook.com/jpgille/?fref=ts;https://twitter.com/jp_gille;http://www.parti-socialiste.fr/personnalite/jean-patrick-gille/
Josiane;MIALON;Haute-Loire;43;2;;;http://www.parti-socialiste.fr/personnalite/josiane-mialon/
Christine;PIRES BEAUNE;Puy-de-Dôme;63;2;;https://twitter.com/cpiresbeaune;http://www.parti-socialiste.fr/personnalite/christine-pires-beaune/
Roger;VICOT;Nord;59;11;https://www.facebook.com/rogervicotmairedelomme/?fref=ts;https://twitter.com/rvicot;http://www.parti-socialiste.fr/personnalite/roger-vicot/
Régis;JUANICO;Loire;42;1;;https://twitter.com/Juanico;http://www.parti-socialiste.fr/personnalite/regis-juanico/
Hélène;VIARD;Nord;59;7;https://www.facebook.com/HeleneViard2017/?fref=ts;;http://www.parti-socialiste.fr/personnalite/helene-viard/
Géraldine;SACCHI-HASSANEIN;Ain;01;3;https://www.facebook.com/geraldine.sacchihassanein;https://twitter.com/GeraldineSacchi;http://www.parti-socialiste.fr/personnalite/geraldine-sacchi-hassanein/
Sophie;GALLAIS;Val-de-Marne;94;8;;;http://www.parti-socialiste.fr/personnalite/sophie-gallais/
Cécile;AUDET;Puy-de-Dôme;63;1;https://www.facebook.com/Audet2017/?fref=ts;https://twitter.com/CecileAUDET;http://www.parti-socialiste.fr/personnalite/cecile-audet/
Sylvie;MAISONNET;Puy-de-Dôme;63;4;https://www.facebook.com/Sylvie.Maisonnet2017/;https://twitter.com/SylvieMaisonnet;http://www.parti-socialiste.fr/personnalite/sylvie-maisonnet/
Gérard;BETENFELD;Puy-de-Dôme;63;5;https://www.facebook.com/gerard.betenfeld?fref=ts;;http://www.parti-socialiste.fr/personnalite/gerard-betenfeld/
Stéphane;CORDIER;Eure-et-Loir;28;1;;https://twitter.com/stefcordier28;http://www.parti-socialiste.fr/personnalite/stephane-cordier/
Jérôme;DECROCK;Morbihan;56;6;https://www.facebook.com/DecrockJerome/?fref=ts;https://twitter.com/jeromedecrock;http://www.parti-socialiste.fr/personnalite/jerome-decrock/
