Circo;Inscrits;%_Exp/Ins;Couleur;Nom;Voix;%_Voix/Ins;%_Voix/Exp;qualifie
1_1;82676;39.52;LR;Xavier BRETON;17563;21.24;53.75;elu
1_1;82676;39.52;MDM;Laurent MALLET;15112;18.28;46.25;non
1_3;75548;35.42;REM;Olga GIVERNET;16552;21.91;61.86;elu
1_3;75548;35.42;LR;Stéphanie PERNOD BEAUDON;10204;13.51;38.14;non
1_2;93507;38.37;LR;Charles DE LA VERPILLIÈRE;18556;19.84;51.72;elu
1_2;93507;38.37;MDM;Marie Jeanne BEGUET;17319;18.52;48.28;non
1_4;89392;39.08;REM;Stéphane TROMPILLE;22532;25.21;64.5;elu
1_4;89392;39.08;FN;Blanche CHAUSSAT;12404;13.88;35.5;non
1_5;75295;38.41;LR;Damien ABAD;19383;25.74;67.02;elu
1_5;75295;38.41;REM;Hélène DE MEIRE;9538;12.67;32.98;non
2_1;72347;41.02;REM;Aude BONO-VANDORME;16684;23.06;56.22;elu
2_1;72347;41.02;FN;Damien PHILIPPOT;12994;17.96;43.78;non
2_2;73976;39.57;LR;Julien DIVE;19019;25.71;64.97;elu
2_2;73976;39.57;FN;Sylvie SAILLARD-MEUNIER;10255;13.86;35.03;non
2_3;68085;42.66;SOC;Jean-Louis BRICOUT;17558;25.79;60.45;elu
2_3;68085;42.66;FN;Paul-Henry HANSEN-CATTA;11487;16.87;39.55;non
3_1;89633;45.0;COM;Jean-Paul DUFRÈGNE;20915;23.33;51.85;elu
3_1;89633;45.0;REM;Pauline RIVIERE;19424;21.67;48.15;non
5_1;57741;36.33;REM;Pascale BOYER;12150;21.04;57.92;elu
5_1;57741;36.33;LR;Catherine ASSO;8828;15.29;42.08;non
2_5;82224;41.24;REM;Jacques KRABAL;19609;23.85;57.82;elu
2_5;82224;41.24;FN;François DE VOYER;14304;17.4;42.18;non
4_1;61140;40.14;REM;Delphine BAGARRY;15609;25.53;63.6;elu
4_1;61140;40.14;FN;Odile BRUN;8933;14.61;36.4;non
3_3;79165;39.95;REM;Bénédicte PEYROL;18480;23.34;58.43;elu
3_3;79165;39.95;LR;Gabriel MAQUIN;13145;16.6;41.57;non
3_2;84575;39.52;REM;Laurence VANCEUNEBROCK-MIALON;17396;20.57;52.05;elu
3_2;84575;39.52;LR;Daniel DUGLÉRY;16027;18.95;47.95;non
2_4;79114;36.51;REM;Marc DELATTE;16256;20.55;56.27;elu
2_4;79114;36.51;FN;Jean MESSIHA;12631;15.97;43.73;non
5_2;52159;41.69;REM;Joël GIRAUD;14823;28.42;68.16;elu
5_2;52159;41.69;DVD;Arnaud MURGIA;6923;13.27;31.84;non
6_1;80469;43.97;LR;Eric CIOTTI;19888;24.72;56.21;elu
6_1;80469;43.97;REM;Caroline REVERSO-MEINIETTI;15493;19.25;43.79;non
4_2;65315;40.81;REM;Christophe CASTANER;16412;25.13;61.57;elu
4_2;65315;40.81;FI;Léo WALTER;10244;15.68;38.43;non
6_2;85498;38.53;REM;Loîc DOMBREVAL;19459;22.76;59.07;elu
6_2;85498;38.53;FN;Jérôme COCHET;13483;15.77;40.93;non
6_3;89137;36.44;REM;Cédric ROUSSEL;19762;22.17;60.84;elu
6_3;89137;36.44;FN;Philippe VARDON;12720;14.27;39.16;non
6_4;85586;37.76;REM;Alexandra VALETTA ARDISSON;17047;19.92;52.74;elu
6_4;85586;37.76;FN;Olivier BETTATI;15274;17.85;47.26;non
6_5;87900;36.1;LR;Marine BRENIER;19424;22.1;61.21;elu
6_5;87900;36.1;FN;Chantal AGNELY;12311;14.01;38.79;non
6_7;92854;42.17;LR;Eric PAUGET;23278;25.07;59.45;elu
6_7;92854;42.17;REM;Khaled BEN ABDERRAHMANE;15875;17.1;40.55;non
6_6;77999;38.12;LR;Laurence TRASTOUR-ISNART;17051;21.86;57.35;elu
6_6;77999;38.12;MDM;Nathalie AUDIN;12680;16.26;42.65;non
6_8;81987;37.16;LR;Bernard BROCHAND;17403;21.23;57.13;elu
6_8;81987;37.16;REM;Philippe BUERCH;13061;15.93;42.87;non
6_9;79936;40.63;LR;Michèle TABAROT;17530;21.93;53.98;elu
6_9;79936;40.63;REM;Dominique FILLEBEEN;14947;18.7;46.02;non
7_2;93064;42.24;SOC;Olivier DUSSOPT;22132;23.78;56.3;elu
7_2;93064;42.24;REM;Laurette GOUYET-POMMARET;17179;18.46;43.7;non
7_3;78245;39.49;LR;Fabrice BRUN;16926;21.63;54.77;elu
7_3;78245;39.49;REM;Matthieu PEYRAUD;13976;17.86;45.23;non
8_1;73371;37.77;LR;Bérengère POLETTI;19311;26.32;69.68;elu
8_1;73371;37.77;REM;Jean-Pierre MORALI;8403;11.45;30.32;non
8_2;63880;34.28;LR;Pierre CORDIER;13371;20.93;61.05;elu
8_2;63880;34.28;REM;Mario IGLESIAS;8530;13.35;38.95;non
9_1;56730;44.79;FI;Bénédicte TAURINE;12776;22.52;50.28;elu
9_1;56730;44.79;REM;Jérôme AZEMA;12633;22.27;49.72;non
7_1;77920;37.58;SOC;Hervé SAULIGNAC;16993;21.81;58.02;elu
7_1;77920;37.58;REM;André DUPONT;12293;15.78;41.98;non
9_2;60675;40.98;FI;Michel LARIVE;12570;20.72;50.56;elu
9_2;60675;40.98;REM;Huguette BERTRAND-VINZERICH;12294;20.26;49.44;non
10_1;64359;48.31;REM;Grégory BESSON-MOREAU;11336;17.61;36.46;elu
10_1;64359;48.31;LR;Nicolas DHUICQ;10977;17.06;35.3;non
10_1;64359;48.31;FN;Bruno SUBTIL;8779;13.64;28.24;non
10_2;73880;40.39;LR;Valérie BAZIN-MALGRAS;16500;22.33;55.29;elu
10_2;73880;40.39;REM;Djamila HADDAD;13340;18.06;44.71;non
10_3;65654;37.2;LR;Gérard MENUEL;12876;19.61;52.72;elu
10_3;65654;37.2;MDM;Pascal LANDRÉAT;11548;17.59;47.28;non
11_1;95138;41.42;REM;Danièle HÉRIN;23114;24.3;58.65;elu
11_1;95138;41.42;FN;Christophe BARTHÈS;16295;17.13;41.35;non
8_3;57029;41.48;LR;Jean-Luc WARSMANN;17678;31.0;74.72;elu
8_3;57029;41.48;FN;Amandine BLOMME;5980;10.49;25.28;non
12_1;76404;45.78;REM;Stéphane MAZARS;23217;30.39;66.37;elu
12_1;76404;45.78;LR;Yves CENSI;11763;15.4;33.63;non
12_2;69769;22.95;REM;Anne BLANC;16013;22.95;100.0;elu
11_2;88898;37.3;REM;Alain PEREA;19381;21.8;58.46;elu
11_2;88898;37.3;FN;Jean-François DARAUD;13774;15.49;41.54;non
11_3;88640;41.66;REM;Mireille ROBERT;19605;22.12;53.1;elu
11_3;88640;41.66;SOC;André VIOLA;17318;19.54;46.9;non
13_2;78714;38.8;REM;Claire PITOLLAT;16725;21.25;54.77;elu
13_2;78714;38.8;LR;Dominique TIAN;13814;17.55;45.23;non
12_3;71816;49.27;LR;Arnaud VIALA;20934;29.15;59.16;elu
12_3;71816;49.27;REM;Jean-Louis AUSTRUY;14449;20.12;40.84;non
13_1;78414;33.63;LR;Valérie BOYER;14531;18.53;55.1;elu
13_1;78414;33.63;REM;Pascal CHAMASSIAN;11839;15.1;44.9;non
13_5;69055;35.3;REM;Cathy RACON-BOUZON;12725;18.43;52.21;elu
13_5;69055;35.3;FI;Hendrik DAVI;11648;16.87;47.79;non
13_6;75652;35.31;LR;Guy TEISSIER;14299;18.9;53.53;elu
13_6;75652;35.31;MDM;Eléonore LEPRETTRE;12412;16.41;46.47;non
13_7;65444;25.69;REM;Saïd AHAMADA;9818;15.0;58.39;elu
13_7;65444;25.69;FN;Sophie GRECH;6996;10.69;41.61;non
13_4;59685;33.35;FI;Jean-Luc MÉLENCHON;11912;19.96;59.85;elu
13_4;59685;33.35;REM;Corinne VERSINI;7992;13.39;40.15;non
13_3;73497;33.29;REM;Alexandra LOUIS;12826;17.45;52.42;elu
13_3;73497;33.29;FN;Stéphane RAVIER;11641;15.84;47.58;non
13_8;100092;38.22;REM;Jean-Marc ZULESI;22448;22.43;58.68;elu
13_8;100092;38.22;FN;Antoine BAUDINO;15807;15.79;41.32;non
13_9;96957;36.31;LR;Bernard DEFLESSELLES;17875;18.44;50.77;elu
13_9;96957;36.31;MDM;Sylvie BRUNET;17333;17.88;49.23;non
13_10;106109;37.16;REM;François-Michel LAMBERT;22976;21.65;58.27;elu
13_10;106109;37.16;FN;Laurent JACOBELLI;16451;15.5;41.73;non
13_11;89268;34.75;MDM;Mohamed LAQHILA;15804;17.7;50.95;elu
13_11;89268;34.75;LR;Christian KERT;15214;17.04;49.05;non
13_12;92158;32.94;LR;Eric DIARD;18861;20.47;62.13;elu
13_12;92158;32.94;REM;Camille BAL;11496;12.47;37.87;non
13_13;93817;36.9;COM;Pierre DHARRÉVILLE;21602;23.03;62.41;elu
13_13;93817;36.9;REM;Magali SIREROLS;13013;13.87;37.59;non
13_15;104899;40.91;LR;Bernard REYNÈS;24242;23.11;56.49;elu
13_15;104899;40.91;REM;Nathalie FARRO;18675;17.8;43.51;non
13_14;96420;37.02;REM;Anne-Laurence PETEL;21500;22.3;60.23;elu
13_14;96420;37.02;LR;Stéphane PAOLI;14197;14.72;39.77;non
13_16;90614;39.56;REM;Monica MICHEL;18341;20.24;51.17;elu
13_16;90614;39.56;FN;Valérie LAUPIES;17505;19.32;48.83;non
14_2;67591;41.1;SOC;Laurence DUMONT;14814;21.92;53.32;elu
14_2;67591;41.1;REM;Eric HALPHEN;12968;19.19;46.68;non
14_4;101010;40.13;REM;Christophe BLANCHET;22624;22.4;55.82;elu
14_4;101010;40.13;LR;Nicole AMELINE;17907;17.73;44.18;non
14_3;78925;37.46;LR;Sébastien LECLERC;15174;19.23;51.32;elu
14_3;78925;37.46;MDM;Florence LEHERICY;14393;18.24;48.68;non
14_5;90002;40.88;REM;Bertrand BOUYX;20357;22.62;55.32;elu
14_5;90002;40.88;LR;Cédric NOUVELOT;16439;18.27;44.68;non
14_6;93551;37.99;REM;Alain TOURRET;24289;25.96;68.34;elu
14_6;93551;37.99;FN;Jean-Philippe ROY;11252;12.03;31.66;non
14_1;70099;38.1;REM;Fabrice LE VIGOUREUX;17340;24.74;64.93;elu
14_1;70099;38.1;UDI;Sonia DE LA PROVÔTÉ;9367;13.36;35.07;non
15_1;62969;48.17;LR;Vincent DESCOEUR;15501;24.62;51.11;elu
15_1;62969;48.17;REM;François DANEMANS;14829;23.55;48.89;non
15_2;54290;47.9;LR;Jean-Yves BONY;14501;26.71;55.76;elu
15_2;54290;47.9;REM;Patricia ROCHES;11504;21.19;44.24;non
16_2;83946;37.56;REM;Sandra MARSAUD;18518;22.06;58.73;elu
16_2;83946;37.56;LR;Daniel SAUVAITRE;13011;15.5;41.27;non
16_3;90886;41.03;SOC;Jérôme LAMBERT;22337;24.58;59.9;elu
16_3;90886;41.03;REM;Madeleine NGOMBET BITOO;14951;16.45;40.1;non
17_1;103197;40.39;DVG;Olivier FALORNI;28765;27.87;69.02;elu
17_1;103197;40.39;MDM;Otilia FERREIRA;12913;12.51;30.98;non
17_3;82186;35.41;REM;Jean-Philippe ARDOUIN;16739;20.37;57.52;elu
17_3;82186;35.41;LR;Frederic NEVEU;12360;15.04;42.48;non
16_1;84935;38.02;REM;Thomas MESNIER;19360;22.79;59.95;elu
16_1;84935;38.02;FI;Martine BOUTIN;12935;15.23;40.05;non
17_2;104292;36.6;REM;Fréderique TUFFNELL;21859;20.96;57.27;elu
17_2;104292;36.6;LR;Sylvie MARCILLY;16307;15.64;42.73;non
17_5;111437;37.85;LR;Didier QUENTIN;23151;20.77;54.89;elu
17_5;111437;37.85;DIV;Gérard POTENNEC;19024;17.07;45.11;non
17_4;89894;39.19;REM;Raphaël GÉRARD;18070;20.1;51.29;elu
17_4;89894;39.19;LR;Loic GIRARD;17159;19.09;48.71;non
18_1;72563;37.75;REM;François CORMIER-BOULIGEON;15397;21.22;56.21;elu
18_1;72563;37.75;LR;Wladimir D'ORMESSON;11996;16.53;43.79;non
18_3;86159;40.52;REM;Loïc KERVRAN;17775;20.63;50.92;elu
18_3;86159;40.52;SOC;Yann GALUT;17136;19.89;49.08;non
19_1;92643;45.47;REM;Christophe JERRETIE;22509;24.3;53.43;elu
19_1;92643;45.47;SOC;Bernard COMBES;19619;21.18;46.57;non
2A_1;50873;37.14;LR;Jean-Jacques FERRARA;12278;24.13;64.99;elu
2A_1;50873;37.14;REM;Maria GUIDICELLI;6614;13.0;35.01;non
19_2;92531;40.77;LR;Frédérique MEUNIER;18874;20.4;50.03;elu
19_2;92531;40.77;REM;Patricia BORDAS;18849;20.37;49.97;non
2A_2;57871;52.06;REG;Paul-André COLOMBANI;16637;28.75;55.22;elu
2A_2;57871;52.06;LR;Camille DE ROCCA SERRA;13491;23.31;44.78;non
2B_1;58771;45.55;REG;Michel CASTELLANI;16279;27.7;60.81;elu
2B_1;58771;45.55;LR;Sauveur GANDOLFI-SCHEIT;10490;17.85;39.19;non
2B_2;66010;51.09;REG;Jean-Félix ACQUAVIVA;21266;32.22;63.05;elu
2B_2;66010;51.09;REM;Francis GIUDICI;12461;18.88;36.95;non
18_2;70141;38.96;MDM;Nadia ESSAYAN;14366;20.48;52.57;elu
18_2;70141;38.96;COM;Nicolas SANSU;12962;18.48;47.43;non
21_1;68463;41.2;REM;Didier MARTIN;15269;22.3;54.14;elu
21_1;68463;41.2;DVD;François-Xavier DUGOURD;12935;18.89;45.86;non
21_2;68771;39.8;LR;Rémi DELATTE;14352;20.87;52.44;elu
21_2;68771;39.8;REM;François DESEILLE;13018;18.93;47.56;non
22_1;89815;41.23;MDM;Bruno JONCOUR;22233;24.75;60.04;elu
22_1;89815;41.23;SOC;Michel LESAGE;14795;16.47;39.96;non
21_3;70441;38.15;REM;Fadila KHATTABI;17554;24.92;65.32;elu
21_3;70441;38.15;FN;Jean-François BATHELIER;9320;13.23;34.68;non
22_3;86780;54.45;LR;Marc LE FUR;25668;29.58;54.32;elu
22_3;86780;54.45;REM;Olivier ALLAIN;21584;24.87;45.68;non
21_5;84433;39.25;REM;Didier PARIS;17821;21.11;53.77;elu
21_5;84433;39.25;LR;Hubert POULLOT;15319;18.14;46.23;non
22_2;96776;43.21;REM;Hervé BERVILLE;26834;27.73;64.17;elu
22_2;96776;43.21;LR;Didier DÉRU;14980;15.48;35.83;non
22_5;103752;42.43;REM;Eric BOTHOREL;29236;28.18;66.41;elu
22_5;103752;42.43;UDI;Jean-Yves DE CHAISEMARTIN;14788;14.25;33.59;non
22_4;78690;45.44;REM;Yannick KERLOGOT;18053;22.94;50.49;elu
22_4;78690;45.44;SOC;Annie LE HOUÉROU;17705;22.5;49.51;non
23_1;92984;40.06;REM;Jean-Baptiste MOREAU;21688;23.32;58.23;elu
23_1;92984;40.06;LR;Jérémie SAUTY;15558;16.73;41.77;non
21_4;68710;40.9;REM;Yolaine DE COURSON;14415;20.98;51.29;elu
21_4;68710;40.9;LR;Charles BARRIERE;13690;19.92;48.71;non
24_2;82423;40.82;REM;Michel DELPON;22317;27.08;66.32;elu
24_2;82423;40.82;FN;Robert DUBOIS;11331;13.75;33.68;non
24_3;67408;48.51;MDM;Jean-Pierre CUBERTAFON;16678;24.74;51.0;elu
24_3;67408;48.51;SOC;Colette LANGLADE;16021;23.77;49.0;non
24_4;87727;44.6;REM;Jacqueline DUBOIS;21990;25.07;56.2;elu
24_4;87727;44.6;FI;Émilie CHALARD;17136;19.53;43.8;non
25_2;78394;40.35;ECO;Eric ALAUZET;19672;25.09;62.19;elu
25_2;78394;40.35;LR;Ludovic FAGAUT;11960;15.26;37.81;non
25_3;65923;38.64;REM;Denis SOMMER;12943;19.63;50.81;elu
25_3;65923;38.64;LR;Frédéric CARTIER;12530;19.01;49.19;non
24_1;76023;43.32;REM;Philippe CHASSAING;17298;22.75;52.53;elu
24_1;76023;43.32;FI;Hélène REYS;15633;20.56;47.47;non
25_1;75240;37.63;REM;Fannette CHARVIER;15143;20.13;53.49;elu
25_1;75240;37.63;SOC;Barbara ROMAGNAN;13169;17.5;46.51;non
26_1;75255;35.61;REM;Mireille CLAPOT;15248;20.26;56.89;elu
26_1;75255;35.61;LR;Bertrand RACT-MADOUX;11554;15.35;43.11;non
25_4;66862;38.44;REM;Frédéric BARBIER;15841;23.69;61.64;elu
25_4;66862;38.44;FN;Sophie MONTEL;9860;14.75;38.36;non
25_5;81964;44.51;LR;Annie GENEVARD;21812;26.61;59.78;elu
25_5;81964;44.51;REM;Sylvie LE HIR;14674;17.9;40.22;non
26_2;93264;37.93;REM;Alice THOUROT;22111;23.71;62.5;elu
26_2;93264;37.93;FN;Laure PELLIER;13267;14.23;37.5;non
26_4;94249;37.81;LR;Emmanuelle ANTHOINE;20115;21.34;56.45;elu
26_4;94249;37.81;REM;Latifa CHAY;15520;16.47;43.55;non
27_1;86406;38.38;REM;Bruno LE MAIRE;21398;24.76;64.53;elu
27_1;86406;38.38;FN;Fabienne DELACOUR;11761;13.61;35.47;non
27_2;78471;40.41;REM;Fabien GOUTTEFARDE;20056;25.56;63.25;elu
27_2;78471;40.41;FN;Emmanuel CAMOIN;11652;14.85;36.75;non
27_3;84388;41.55;MDM;Marie TAMARELLE-VERHAEGHE;20788;24.63;59.29;elu
27_3;84388;41.55;FN;Timothée HOUSSIN;14275;16.92;40.71;non
26_3;106713;40.32;REM;Célia DE LAVERGNE;24518;22.98;56.99;elu
26_3;106713;40.32;LR;Paul BERARD;18506;17.34;43.01;non
27_4;89940;38.13;REM;Bruno QUESTEL;20755;23.08;60.51;elu
27_4;89940;38.13;FN;Doris PERREAUX;13543;15.06;39.49;non
27_5;88484;37.96;REM;Claire O'PETIT;18804;21.25;55.98;elu
27_5;88484;37.96;FN;Vincent TAILLIEU;14784;16.71;44.02;non
28_1;89131;38.89;REM;Guillaume KASBARIAN;19127;21.46;55.18;elu
28_1;89131;38.89;LR;Franck MASSELUS;15534;17.43;44.82;non
28_2;74320;36.94;LR;Olivier MARLEIX;16303;21.94;59.38;elu
28_2;74320;36.94;REM;Claire Tassadit HOUD;11152;15.01;40.62;non
28_3;70743;40.99;LR;Laure DE LA RAUDIERE;16268;23.0;56.1;elu
28_3;70743;40.99;RDG;Harold HUWART;12729;17.99;43.9;non
28_4;67208;43.73;UDI;Philippe VIGIER;20684;30.78;70.38;elu
28_4;67208;43.73;REM;Clémence ROUVIER;8703;12.95;29.62;non
29_3;89311;41.68;REM;Didier LE GAC;22593;25.3;60.69;elu
29_3;89311;41.68;DVG;Jean-Luc BLEUNVEN;14633;16.38;39.31;non
29_4;82153;44.36;REM;Sandrine LE FEUR;19001;23.13;52.14;elu
29_4;82153;44.36;LR;Maël DE CALAN;17440;21.23;47.86;non
29_1;88866;43.24;REM;Annaïg LE MEUR;20925;23.55;54.45;elu
29_1;88866;43.24;SOC;Jean-Jacques URVOAS;17502;19.69;45.55;non
29_2;77724;40.25;REM;Jean-Charles LARSONNEUR;18638;23.98;59.58;elu
29_2;77724;40.25;FI;Pierre-Yves CADALEN;12646;16.27;40.42;non
29_5;94491;41.15;REM;Graziella MELCHIOR;20957;22.18;53.89;elu
29_5;94491;41.15;DVD;Patrick LECLERC;17930;18.98;46.11;non
30_1;86941;36.62;REM;Françoise DUMAS;17365;19.97;54.55;elu
30_1;86941;36.62;FN;Yoann GILLET;14470;16.64;45.45;non
29_6;89269;41.59;REM;Richard FERRAND;20991;23.51;56.53;elu
29_6;89269;41.59;LR;Gaëlle NICOLAS;16140;18.08;43.47;non
29_7;80365;40.74;REM;Liliane TANGUY;20611;25.65;62.95;elu
29_7;80365;40.74;LR;Didier GUILLON;12133;15.1;37.05;non
29_8;87201;40.64;REM;Erwan BALANANT;18233;20.91;51.45;elu
29_8;87201;40.64;SOC;Michael QUERNEZ;17203;19.73;48.55;non
30_4;91103;37.76;REM;Annie CHAPELIER;20027;21.98;58.21;elu
30_4;91103;37.76;FN;Brigitte ROULLAUD;14375;15.78;41.79;non
30_2;89016;44.42;FN;Gilbert COLLARD;19834;22.28;50.16;elu
30_2;89016;44.42;MDM;. MARIE SARA;19711;22.14;49.84;non
30_3;93543;39.68;REM;Anthony CELLIER;21908;23.42;59.02;elu
30_3;93543;39.68;FN;Monique TEZENAS DU MONTCEL;15212;16.26;40.98;non
31_1;82095;38.69;REM;Pierre CABARE;16203;19.74;51.02;elu
31_1;82095;38.69;FI;Claire DUJARDIN;15556;18.95;48.98;non
31_2;100472;40.5;MDM;Jean-Luc LAGLEIZE;22580;22.47;55.49;elu
31_2;100472;40.5;FI;Anne STAMBACH-TERRENOIR;18113;18.03;44.51;non
31_3;78104;39.28;REM;Corinne VIGNON;16254;20.81;52.97;elu
31_3;78104;39.28;LR;Laurence ARRIBAGÉ;14429;18.47;47.03;non
31_4;69348;37.93;REM;Mickaël NOGAL;13657;19.69;51.91;elu
31_4;69348;37.93;FI;Liem HOANG NGOC;12650;18.24;48.09;non
31_5;98382;39.23;REM;Jean-François PORTARRIEU;26091;26.52;67.6;elu
31_5;98382;39.23;FN;Julien LEONARDELLI;12504;12.71;32.4;non
30_6;81176;36.5;REM;Philippe BERTA;17879;22.02;60.35;elu
30_6;81176;36.5;FN;Laurence GARDET;11747;14.47;39.65;non
30_5;95845;38.19;REM;Olivier GAILLARD;23268;24.28;63.57;elu
30_5;95845;38.19;FN;Daniela DE VIDO;13337;13.92;36.43;non
31_7;99765;39.19;REM;Elisabeth TOUTUT-PICARD;26521;26.58;67.84;elu
31_7;99765;39.19;FN;Marie DOMBES;12572;12.6;32.16;non
31_8;85426;40.33;SOC;Joël AVIRAGNET;17270;20.22;50.13;elu
31_8;85426;40.33;REM;Michel MONTSARRAT;17179;20.11;49.87;non
31_6;111355;41.68;REM;Monique IBORRA;25934;23.29;55.87;elu
31_6;111355;41.68;FI;Patrick JIMENA;20483;18.39;44.13;non
33_2;65995;32.96;REM;Catherine FABRE;13874;21.02;63.79;elu
33_2;65995;32.96;LR;Anne WALRYCK;7875;11.93;36.21;non
31_9;79397;39.61;REM;Sandrine MÖRCH;16458;20.73;52.33;elu
31_9;79397;39.61;FI;Manuel BOMPARD;14991;18.88;47.67;non
31_10;95358;46.73;REM;Sébastien NADOT;26948;28.26;60.48;elu
31_10;95358;46.73;FI;Monique FABRE;17612;18.47;39.52;non
32_1;73503;43.93;REM;Jean-René CAZENEUVE;19133;26.03;59.25;elu
32_1;73503;43.93;SOC;Francis DUPOUEY;13159;17.9;40.75;non
33_1;94988;36.47;REM;Dominique DAVID;20645;21.73;59.59;elu
33_1;94988;36.47;LR;Nicolas FLORIAN;14000;14.74;40.41;non
32_2;71502;43.32;SOC;Gisèle BIÉMOURET;15971;22.34;51.57;elu
32_2;71502;43.32;REM;Christopher SOCCIO;15001;20.98;48.43;non
33_3;81024;39.94;FI;Loïc PRUD'HOMME;16248;20.05;50.2;elu
33_3;81024;39.94;REM;Marik FETOUH;16117;19.89;49.8;non
33_4;93631;32.62;SOC;Alain DAVID;15550;16.61;50.91;elu
33_4;93631;32.62;REM;Aziz S'KALLI-BOUAZIZA;14992;16.01;49.09;non
33_7;76934;40.38;REM;Bérangère COUILLARD;17304;22.49;55.7;elu
33_7;76934;40.38;SOC;Bernard GARRIGOU;13761;17.89;44.3;non
33_6;103728;38.83;REM;Eric POULLIAT;23690;22.84;58.81;elu
33_6;103728;38.83;SOC;Marie RÉCALDE;16590;15.99;41.19;non
33_8;109060;41.0;REM;Sophie PANONACLE;26713;24.49;59.75;elu
33_8;109060;41.0;LR;Yves FOULON;17997;16.5;40.25;non
33_9;93598;36.04;MDM;Sophie METTE;18059;19.29;53.54;elu
33_9;93598;36.04;SOC;Gilles SAVARY;15674;16.75;46.46;non
33_5;110514;37.68;REM;Benoit SIMIAN;21011;19.01;50.46;elu
33_5;110514;37.68;SOC;Pascale GOT;20632;18.67;49.54;non
33_11;92940;39.78;REM;Véronique HAMMERER;21085;22.69;57.02;elu
33_11;92940;39.78;FN;Edwige DIAZ;15891;17.1;42.98;non
34_2;60438;34.21;FI;Muriel RESSIGUIER;10811;17.89;52.29;elu
34_2;60438;34.21;REM;Stéphanie JANNIN;9866;16.32;47.71;non
33_10;80799;39.69;REM;Florent BOUDIÉ;21772;26.95;67.9;elu
33_10;80799;39.69;FN;Sandrine CHADOURNE;10295;12.74;32.1;non
34_3;85109;39.29;REM;Coralie DUBOST;20211;23.75;60.45;elu
34_3;85109;39.29;FI;Stéphane VIDAL;13226;15.54;39.55;non
34_4;111985;35.83;REM;Jean-François ELIAOU;26360;23.54;65.7;elu
34_4;111985;35.83;FN;François GAUBERT;13760;12.29;34.3;non
33_12;83342;41.62;REM;Christelle DUBOS;19670;23.6;56.71;elu
33_12;83342;41.62;FI;Christophe MIQUEU;15018;18.02;43.29;non
34_5;94245;38.49;REM;Philippe HUPPÉ;21169;22.46;58.36;elu
34_5;94245;38.49;FN;Gilles ARDINAT;15107;16.03;41.64;non
34_6;91267;42.28;FN;Emmanuelle MÉNARD;20640;22.61;53.49;elu
34_6;91267;42.28;REM;Isabelle VOYER;17950;19.67;46.51;non
34_7;102087;38.24;REM;Christophe EUZET;20623;20.2;52.83;elu
34_7;102087;38.24;FN;Myriam ROQUES;18414;18.04;47.17;non
34_8;88553;35.5;REM;Nicolas DÉMOULIN;19757;22.31;62.85;elu
34_8;88553;35.5;FN;Gérard PRATO;11680;13.19;37.15;non
34_1;84644;35.75;REM;Patricia MIRALLÈS;19877;23.48;65.69;elu
34_1;84644;35.75;FN;France JAMET;10381;12.26;34.31;non
34_9;82125;36.4;REM;Patrick VIGNAL;19293;23.49;64.54;elu
34_9;82125;36.4;FN;Guillaume VOUZELLAUD;10600;12.91;35.46;non
35_1;89688;36.64;REM;Mostapha LAABID;19346;21.57;58.87;elu
35_1;89688;36.64;UDI;Grégoire LE BLOND;13519;15.07;41.13;non
35_2;92292;39.19;MDM;Laurence MAILLART-MÉHAIGNERIE;26922;29.17;74.44;elu
35_2;92292;39.19;LR;Bertrand PLOUVIER;9243;10.01;25.56;non
35_3;86153;38.23;SOC;François ANDRÉ;21693;25.18;65.86;elu
35_3;86153;38.23;LR;Mélina PARMENTIER;11244;13.05;34.14;non
35_4;90383;40.61;REM;Gaël LE BOHEC;22667;25.08;61.75;elu
35_4;90383;40.61;FI;Marc MARTIN;14041;15.54;38.25;non
35_5;103302;42.76;REM;Christine CLOAREC;23546;22.79;53.3;elu
35_5;103302;42.76;LR;Isabelle LE CALLENNEC;20627;19.97;46.7;non
35_6;86949;44.88;UDI;Thierry BENOIT;22581;25.97;57.87;elu
35_6;86949;44.88;REM;Nolwenn VAHÉ;16441;18.91;42.13;non
35_7;99142;46.71;LR;Gilles LURTON;26032;26.26;56.21;elu
35_7;99142;46.71;REM;Valérie FRIBOLLE;20282;20.46;43.79;non
35_8;83469;43.46;REM;Florian BACHELIER;22111;26.49;60.96;elu
35_8;83469;43.46;FI;Enora LE PAPE;14161;16.97;39.04;non
37_1;68633;36.6;REM;Philippe CHALUMEAU;13547;19.74;53.93;elu
37_1;68633;36.6;SOC;Jean-Patrick GILLE;11573;16.86;46.07;non
37_4;90130;38.08;REM;Fabienne COLBOC;19994;22.18;58.26;elu
37_4;90130;38.08;LR;Hervé NOVELLI;14327;15.9;41.74;non
37_2;88627;40.07;REM;Daniel LABARONNE;20191;22.78;56.86;elu
37_2;88627;40.07;LR;Claude GREFF;15321;17.29;43.14;non
36_1;80545;39.32;REM;François JOLIVET;22303;27.69;70.42;elu
36_1;80545;39.32;FN;Mylène WUNSCH;9369;11.63;29.58;non
36_2;90053;41.29;LR;Nicolas FORISSIER;19218;21.34;51.69;elu
36_2;90053;41.29;MDM;Sophie GUERIN;17962;19.95;48.31;non
37_3;97495;40.22;UDI;Sophie AUCONIE;22194;22.76;56.59;elu
37_3;97495;40.22;SOC;Marisol TOURAINE;17022;17.46;43.41;non
37_5;83880;38.42;REM;Sabine THILLAYE;18782;22.39;58.29;elu
37_5;83880;38.42;LR;Fabrice BOIGARD;13441;16.02;41.71;non
38_1;83180;40.98;REM;Olivier VERAN;23212;27.91;68.09;elu
38_1;83180;40.98;UDI;Jean-Damien MERMILLOD-BLONDIN;10878;13.08;31.91;non
38_3;59776;37.22;REM;Emilie CHALAS;12014;20.1;54.01;elu
38_3;59776;37.22;FI;Raphaël BRIOT;10232;17.12;45.99;non
38_4;89757;38.69;SOC;Marie-Noëlle BATTISTEL;18755;20.9;54.01;elu
38_4;89757;38.69;REM;Fabrice HUGELÉ;15970;17.79;45.99;non
38_5;102304;35.37;REM;Catherine KAMOWSKI;24136;23.59;66.71;elu
38_5;102304;35.37;LR;Philippe LANGENIEUX-VILLARD;12046;11.77;33.29;non
38_6;83266;40.24;REM;Cendra MOTIN;18484;22.2;55.17;elu
38_6;83266;40.24;FN;Gérard DÉZEMPTE;15022;18.04;44.83;non
38_7;91337;37.41;REM;Monique LIMON;17716;19.4;51.85;elu
38_7;91337;37.41;LR;Yannick NEUDER;16451;18.01;48.15;non
38_2;77439;34.74;REM;Jean-Charles COLAS-ROY;19785;25.55;73.55;elu
38_2;77439;34.74;FN;Alexis JOLLY;7115;9.19;26.45;non
38_9;97178;35.09;MDM;Elodie JACQUIER-LAFORGE;20544;21.14;60.25;elu
38_9;97178;35.09;LR;Bruno GATTAZ;13554;13.95;39.75;non
38_10;93761;35.59;REM;Marjolaine MEYNIER-MILLEFERT;21566;23.0;64.62;elu
38_10;93761;35.59;FN;Alain BREUIL;11806;12.59;35.38;non
38_8;78571;37.64;REM;Caroline ABADIE;18907;24.06;63.92;elu
38_8;78571;37.64;FN;Thibaut MONNIER;10671;13.58;36.08;non
39_1;65425;40.93;REM;Danielle BRULEBOIS;15498;23.69;57.88;elu
39_1;65425;40.93;LR;Cyrille BRERO;11278;17.24;42.12;non
39_2;55223;41.37;LR;Marie-Christine DALLOZ;13063;23.65;57.17;elu
39_2;55223;41.37;MDM;Anne PROST-GROSJEAN;9785;17.72;42.83;non
40_2;112273;42.0;REM;Lionel CAUSSE;29682;26.44;62.95;elu
40_2;112273;42.0;FI;Caroline DACHARRY;17471;15.56;37.05;non
40_1;101388;40.59;MDM;Geneviève DARRIEUSSECQ;26192;25.83;63.65;elu
40_1;101388;40.59;SOC;Renaud LAGRAVE;14961;14.76;36.35;non
40_3;96511;47.9;SOC;Boris VALLAUD;23460;24.31;50.75;elu
40_3;96511;47.9;REM;Jean-Pierre STEINER;22769;23.59;49.25;non
41_2;80340;44.1;LR;Guillaume PELTIER;19108;23.78;53.93;elu
41_2;80340;44.1;REM;Jean-Luc BRAULT;16324;20.32;46.07;non
41_1;82752;40.04;MDM;Marc FESNEAU;22914;27.69;69.15;elu
41_1;82752;40.04;FN;Michel CHASSIER;10221;12.35;30.85;non
41_3;82183;46.08;UDI;Maurice LEROY;23126;28.14;61.06;elu
41_3;82183;46.08;REM;Marlène MARTIN;14746;17.94;38.94;non
42_1;65645;35.14;SOC;Régis JUANICO;11544;17.59;50.05;elu
42_1;65645;35.14;REM;Magalie VIALLON;11521;17.55;49.95;non
42_3;82496;35.24;REM;Valéria FAURE-MUNTIAN;15298;18.54;52.62;elu
42_3;82496;35.24;UDI;François ROCHEBLOINE;13776;16.7;47.38;non
42_2;53194;34.1;REM;Jean-Michel MIS;10425;19.6;57.47;elu
42_2;53194;34.1;FI;Andrée TAURINYA;7716;14.51;42.53;non
42_4;101108;37.56;LR;Dino CINIERI;19039;18.83;50.13;elu
42_4;101108;37.56;REM;David KAUFFER;18940;18.73;49.87;non
39_3;69497;43.66;LR;Jean-Marie SERMIER;17679;25.44;58.27;elu
39_3;69497;43.66;MDM;Paul-Henri BARD;12660;18.22;41.73;non
43_2;79462;43.93;LR;Jean-Pierre VIGIER;22304;28.07;63.89;elu
43_2;79462;43.93;REM;Pierre ETEOCLE;12606;15.86;36.11;non
42_5;101144;39.56;MDM;Nathalie SARLES;21257;21.02;53.13;elu
42_5;101144;39.56;LR;Clotilde ROBIN;18751;18.54;46.87;non
44_3;92169;40.01;REM;Anne-France BRUNET;20746;22.51;56.26;elu
44_3;92169;40.01;FI;Martine GOURDON;16132;17.5;43.74;non
42_6;107615;37.67;REM;Julien BOROWCZYK;23055;21.42;56.87;elu
42_6;107615;37.67;LR;Paul SALEN;17485;16.25;43.13;non
44_1;74936;37.92;REM;François DE RUGY;18796;25.08;66.14;elu
44_1;74936;37.92;LR;Julien BAINVEL;9622;12.84;33.86;non
44_4;89004;41.8;REM;Aude AMADOU;21179;23.8;56.93;elu
44_4;89004;41.8;FI;Vincent EGRON;16025;18.0;43.07;non
43_1;97790;46.5;LR;Isabelle VALENTIN;26705;27.31;58.72;elu
43_1;97790;46.5;REM;Cécile GALLIEN;18772;19.2;41.28;non
44_2;85838;41.84;REM;Valérie OPPELT;21542;25.1;59.99;elu
44_2;85838;41.84;FI;Carole MALARD;14370;16.74;40.01;non
44_5;116330;38.9;MDM;Sarah EL HAÏRY;27613;23.74;61.02;elu
44_5;116330;38.9;SOC;Michel MÉNARD;17636;15.16;38.98;non
44_6;110229;38.79;REM;Yves DANIEL;26420;23.97;61.79;elu
44_6;110229;38.79;LR;Alain HUNAULT;16338;14.82;38.21;non
44_7;108228;39.88;REM;Sandrine JOSSO;26377;24.37;61.11;elu
44_7;108228;39.88;LR;Franck LOUVRIER;16787;15.51;38.89;non
44_10;114726;38.96;REM;Sophie ERRANTE;28560;24.89;63.89;elu
44_10;114726;38.96;LR;Jérôme GUIHO;16140;14.07;36.11;non
45_1;75649;40.66;REM;Stéphanie RIST;20001;26.44;65.02;elu
45_1;75649;40.66;LR;Charles-Eric LEMAIGNEN;10759;14.22;34.98;non
45_2;85276;39.77;REM;Caroline JANVIER;17376;20.38;51.23;elu
45_2;85276;39.77;LR;Serge GROUARD;16542;19.4;48.77;non
45_4;74643;39.0;LR;Jean-Pierre DOOR;14561;19.51;50.01;elu
45_4;74643;39.0;REM;Mélusine HARLÉ;14553;19.5;49.99;non
45_5;74554;37.76;LR;Marianne DUBOIS;14120;18.94;50.16;elu
45_5;74554;37.76;REM;David SIMONNET;14032;18.82;49.84;non
45_6;71880;37.96;MDM;Richard RAMOS;14379;20.0;52.69;elu
45_6;71880;37.96;UDI;Alexandrine LECLERC;12909;17.96;47.31;non
46_2;65345;45.94;REM;Huguette TIEGNA;15985;24.46;53.25;elu
46_2;65345;45.94;SOC;Vincent LABARTHE;14033;21.48;46.75;non
44_8;85603;39.85;REM;Audrey DUFEU SCHUBERT;19344;22.6;56.7;elu
44_8;85603;39.85;FI;Lionel DEBRAYE;14773;17.26;43.3;non
44_9;117872;36.81;MDM;Yannick HAURY;28208;23.93;65.02;elu
44_9;117872;36.81;LR;Claire HUGUES;15176;12.87;34.98;non
47_1;88185;39.17;REM;Michel LAUZZANA;19635;22.27;56.85;elu
47_1;88185;39.17;UDI;Jean DIONIS DU SEJOUR;14903;16.9;43.15;non
45_3;70836;40.2;LR;Claude DE GANAY;14269;20.14;50.1;elu
45_3;70836;40.2;REM;Jihan CHELLY;14210;20.06;49.9;non
47_3;75674;43.17;REM;Olivier DAMAISIN;19743;26.09;60.43;elu
47_3;75674;43.17;FN;Étienne BOUSQUET-CASSAGNE;12926;17.08;39.57;non
46_1;70805;45.02;LR;Aurélien PRADIÉ;16358;23.1;51.32;elu
46_1;70805;45.02;REM;Sébastien MAUREL;15516;21.91;48.68;non
48_1;59436;48.86;LR;Pierre MOREL A L'HUISSIER;16440;27.66;56.61;elu
48_1;59436;48.86;REM;Francis PALOMBI;12601;21.2;43.39;non
49_1;84090;39.12;REM;Matthieu ORPHELIN;21158;25.16;64.33;elu
49_1;84090;39.12;LR;Caroline FEL;11734;13.95;35.67;non
49_2;90325;38.96;REM;Stella DUPONT;24313;26.92;69.09;elu
49_2;90325;38.96;LR;Maxence HENRY;10875;12.04;30.91;non
47_2;76986;43.25;REM;Alexandre FRESCHI;19883;25.83;59.72;elu
47_2;76986;43.25;FN;Hélène LAPORTE;13413;17.42;40.28;non
49_4;74274;38.97;REM;Laëtitia SAINT-PAUL;16857;22.7;58.23;elu
49_4;74274;38.97;UDI;Éric TOURON;12091;16.28;41.77;non
49_3;70380;40.83;LR;Jean-Charles TAUGOURDEAU;14906;21.18;51.88;elu
49_3;70380;40.83;REM;Anne BARRAULT;13827;19.65;48.12;non
49_5;77379;39.0;REM;Denis MASSEGLIA;20631;26.66;68.37;elu
49_5;77379;39.0;DVD;Patrice BRAULT;9545;12.34;31.63;non
49_7;77820;39.6;MDM;Philippe BOLO;19235;24.72;62.42;elu
49_7;77820;39.6;LR;Étienne GLÉMOT;11581;14.88;37.58;non
51_1;72128;32.83;LR;Valérie BEAUVAIS;13105;18.17;55.35;elu
51_1;72128;32.83;DIV;Gérard CHEMLA;10573;14.66;44.65;non
50_3;107801;38.99;REM;Stéphane TRAVERT;27810;25.8;66.16;elu
50_3;107801;38.99;LR;Jean-Manuel COUSIN;14224;13.19;33.84;non
50_4;88707;28.93;DIV;Sonia KRIMI;15636;17.63;60.93;elu
50_4;88707;28.93;REM;Blaise MISTLER;10028;11.3;39.07;non
51_3;80595;37.35;REM;Éric GIRARDIN;18055;22.4;59.97;elu
51_3;80595;37.35;FN;Baptiste PHILIPPO;12051;14.95;40.03;non
51_2;73130;37.86;REM;Aina KURIC;14176;19.38;51.21;elu
51_2;73130;37.86;LR;Catherine VAUTRIN;13508;18.47;48.79;non
49_6;94693;38.72;REM;Nicole DUBRE-CHIRAT;22649;23.92;61.77;elu
49_6;94693;38.72;LR;André MARTIN;14017;14.8;38.23;non
50_1;86929;43.91;LR;Philippe GOSSELIN;20043;23.06;52.51;elu
50_1;86929;43.91;REM;Benoîte NOUET;18130;20.86;47.49;non
50_2;95481;44.97;REM;Bertrand SORRE;26191;27.43;61.0;elu
50_2;95481;44.97;LR;Guenhaël HUET;16746;17.54;39.0;non
51_5;76931;43.72;UDI;Charles DE COURSON;24074;31.29;71.57;elu
51_5;76931;43.72;FN;Thomas LAVAL;9563;12.43;28.43;non
52_1;72403;38.89;REM;Bérangère ABBA;15045;20.78;53.44;elu
52_1;72403;38.89;LR;Adrien GUENÉ;13109;18.11;46.56;non
52_2;61594;42.1;LR;François CORNUT-GENTILLE;16027;26.02;61.81;elu
52_2;61594;42.1;FN;Frédéric FABRE;9901;16.07;38.19;non
51_4;78766;37.86;LR;Lise MAGNIER;19946;25.32;66.88;elu
51_4;78766;37.86;FN;Thierry BESSON;9878;12.54;33.12;non
53_2;77823;42.25;MDM;Géraldine BANNIER;18013;23.15;54.78;elu
53_2;77823;42.25;LR;Guillaume CHEVROLLIER;14869;19.11;45.22;non
53_3;71930;43.84;UDI;Yannick FAVENNEC;19405;26.98;61.53;elu
53_3;71930;43.84;REM;Josselin CHOUZY;12132;16.87;38.47;non
54_1;79290;38.42;REM;Carole GRANDJEAN;17025;21.47;55.89;elu
54_1;79290;38.42;SOC;Chaynesse KHIROUNI;13439;16.95;44.11;non
54_2;68601;38.15;MDM;Laurent GARCIA;17487;25.49;66.82;elu
54_2;68601;38.15;LR;Valérie DEBORD;8684;12.66;33.18;non
54_3;82580;32.15;REM;Xavier PALUSZKIEWICZ;13917;16.85;52.41;elu
54_3;82580;32.15;FI;Patrice ZOLFO;12636;15.3;47.59;non
54_5;78751;41.16;SOC;Dominique POTIER;20461;25.98;63.13;elu
54_5;78751;41.16;REM;Marion BUCHET;11951;15.18;36.87;non
54_6;87545;33.08;FI;Caroline FIAT;17772;20.3;61.36;elu
54_6;87545;33.08;FN;Cédric MARSOLLE;11192;12.78;38.64;non
53_1;72721;42.32;SOC;Guillaume GAROT;18848;25.92;61.24;elu
53_1;72721;42.32;REM;Béatrice MOTTIER;11931;16.41;38.76;non
55_1;77289;40.1;UDI;Bertrand PANCHER;18051;23.36;58.25;elu
55_1;77289;40.1;REM;Diana ANDRÉ;12940;16.74;41.75;non
55_2;60274;39.57;REM;Emilie CARIOU;14969;24.83;62.76;elu
55_2;60274;39.57;FN;Eric VILAIN;8881;14.73;37.24;non
56_1;105388;43.08;REM;Hervé PELLOIS;29243;27.75;64.41;elu
56_1;105388;43.08;LR;Christine PENHOUET;16156;15.33;35.59;non
56_2;104281;39.86;DIV;Jimmy PAHUN;21223;20.35;51.06;elu
56_2;104281;39.86;LR;Philippe LE RAY;20340;19.5;48.94;non
54_4;97994;37.4;LR;Thibault BAZIN;19524;19.92;53.27;elu
54_4;97994;37.4;REM;Philippe BUZZI;17124;17.47;46.73;non
56_3;90782;40.1;REM;Nicole LE PEIH;24064;26.51;66.1;elu
56_3;90782;40.1;FI;Marie Madeleine DORÉ-LUCAS;12340;13.59;33.9;non
56_4;105109;53.14;REM;Paul MOLAC;30166;28.7;54.0;elu
56_4;105109;53.14;LR;Marie-Hélène HERRY;8074;7.68;14.45;non
56_4;105109;53.14;FI;Cécile BUCHET;6791;6.46;12.16;non
56_4;105109;53.14;FN;Agnès RICHARD;5667;5.39;10.15;non
56_4;105109;53.14;ECO;Nathalie LANDRIAU BERHAULT;2285;2.17;4.09;non
56_4;105109;53.14;DLF;David CABAS;952;0.91;1.7;non
56_4;105109;53.14;EXG;Jean-Louis AMISSE;638;0.61;1.14;non
56_4;105109;53.14;EXD;Jean-Paul FELIX;553;0.53;0.99;non
56_4;105109;53.14;DIV;Christine RAULT;377;0.36;0.67;non
56_4;105109;53.14;DVD;Bernard HUET;349;0.33;0.62;non
56_4;105109;53.14;ECO;France SAVELLI;6;0.01;0.01;non
56_5;80704;38.79;REM;Gwendal ROUILLARD;19756;24.48;63.11;elu
56_5;80704;38.79;FI;Alexandre SCHEUER;11549;14.31;36.89;non
56_6;90701;40.8;REM;Jean-Michel JACQUES;20250;22.33;54.72;elu
56_6;90701;40.8;UDI;Gwenn LE NAY;16755;18.47;45.28;non
57_1;91439;33.0;REM;Belkhir BELHADDAD;18098;19.79;59.97;elu
57_1;91439;33.0;FN;Laurence BURG;12081;13.21;40.03;non
57_2;76512;34.97;REM;Ludovic MENDES;14020;18.32;52.4;elu
57_2;76512;34.97;LR;Jean FRANÇOIS;12736;16.65;47.6;non
57_3;75323;35.41;REM;Richard LIOGER;13657;18.13;51.21;elu
57_3;75323;35.41;LR;Marie-Jo ZIMMERMANN;13013;17.28;48.79;non
57_5;73972;38.13;REM;Nicole GRIES-TRISSE;14529;19.64;51.51;elu
57_5;73972;38.13;LR;Céleste LETT;13676;18.49;48.49;non
57_4;81477;37.05;LR;Fabien DI FILIPPO;16089;19.75;53.29;elu
57_4;81477;37.05;REM;Mathilde HUCHOT;14102;17.31;46.71;non
57_6;70132;34.25;REM;Christophe AREND;13682;19.51;56.96;elu
57_6;70132;34.25;FN;Florian PHILIPPOT;10337;14.74;43.04;non
57_8;92436;29.69;MDM;Brahim HAMMOUCHE;16150;17.47;58.84;elu
57_8;92436;29.69;FN;Hervé HOFF;11297;12.22;41.16;non
57_7;90349;35.19;REM;Hélène ZANNIER;17879;19.79;56.24;elu
57_7;90349;35.19;FN;Kévin PFEFFER;13911;15.4;43.76;non
57_9;99482;34.39;REM;Isabelle RAUCH;23995;24.12;70.13;elu
57_9;99482;34.39;FN;Emilie MATZ;10218;10.27;29.87;non
58_1;76910;36.79;REM;Perrine GOULET;18714;24.33;66.13;elu
58_1;76910;36.79;FN;Pauline VIGNERON;9585;12.46;33.87;non
58_2;82375;41.97;REM;Patrice PERROT;18883;22.92;54.62;elu
58_2;82375;41.97;SOC;Christian PAUL;15686;19.04;45.38;non
59_1;61729;35.69;FI;Adrien QUATENNENS;11037;17.88;50.1;elu
59_1;61729;35.69;REM;Christophe ITIER;10991;17.81;49.9;non
59_2;86665;35.29;FI;Ugo BERNALICIS;19619;22.64;64.15;elu
59_2;86665;35.29;REM;Houmria BERRADA;10962;12.65;35.85;non
59_3;94004;34.97;REM;Christophe DI POMPEO;16861;17.94;51.3;elu
59_3;94004;34.97;FN;Sylvie GODDYN;16008;17.03;48.7;non
59_4;99302;37.39;REM;Brigitte LISO;21814;21.97;58.75;elu
59_4;99302;37.39;LR;Jacques HOUSSIN;15317;15.42;41.25;non
59_6;89105;42.75;REM;Charlotte LECOCQ;19739;22.15;51.82;elu
59_6;89105;42.75;LR;Thierry LAZARO;18354;20.6;48.18;non
59_8;67822;27.41;REM;Catherine OSSON;11703;17.26;62.95;elu
59_8;67822;27.41;FN;Astrid LEPLAT;6889;10.16;37.05;non
59_7;72442;35.01;UDI;Francis VERCAMER;13576;18.74;53.52;elu
59_7;72442;35.01;MDM;Arnaud VERSPIEREN;11788;16.27;46.48;non
59_9;91618;38.33;REM;Valérie PETIT;18281;19.95;52.06;elu
59_9;91618;38.33;LR;Bernard GERARD;16837;18.38;47.94;non
59_10;82008;28.71;LR;Vincent LEDOUX;13168;16.06;55.93;elu
59_10;82008;28.71;REM;Sophie TAÏEB;10374;12.65;44.07;non
59_12;93580;37.75;REM;Anne Laure CATTELOT;19089;20.4;54.04;elu
59_12;93580;37.75;FN;Gérard PHILIPPE;16236;17.35;45.96;non
59_5;99876;38.38;LR;Sébastien HUYGHE;21284;21.31;55.52;elu
59_5;99876;38.38;REM;Guillaume DEKONINCK;17053;17.07;44.48;non
59_13;89284;38.1;DVG;Christian HUTIN;21538;24.12;63.32;elu
59_13;89284;38.1;FN;Philippe EYMERY;12478;13.98;36.68;non
59_11;92067;36.62;REM;Laurent PIETRASZEWSKI;22645;24.6;67.17;elu
59_11;92067;36.62;FN;Nathalie ACS;11067;12.02;32.83;non
59_15;95872;42.14;REM;Jennifer DE TEMMERMAN;24529;25.59;60.72;elu
59_15;95872;42.14;FN;Pascal PRINCE;15871;16.55;39.28;non
59_17;73599;36.87;REM;Dimitri HOUBRON;14442;19.62;53.21;elu
59_17;73599;36.87;FN;Thibaut FRANCOIS;12697;17.25;46.79;non
59_18;91572;37.16;UDI;Guy BRICOUT;21669;23.66;63.67;elu
59_18;91572;37.16;REM;Claire POMMEYROL-BURLET;12363;13.5;36.33;non
59_20;81103;35.97;COM;Fabien ROUSSEL;18633;22.97;63.88;elu
59_20;81103;35.97;FN;Ludovic DE DANNE;10538;12.99;36.12;non
59_14;98782;39.88;LR;Paul CHRISTOPHE;25162;25.47;63.88;elu
59_14;98782;39.88;REM;Julien LEMAITTE;14229;14.4;36.12;non
60_1;82958;41.13;LR;Olivier DASSAULT;22885;27.59;67.07;elu
60_1;82958;41.13;REM;Denis FLOUR;11237;13.55;32.93;non
60_2;88736;39.48;REM;Agnès THILL;19158;21.59;54.68;elu
60_2;88736;39.48;FN;Gaëtan DUSSAUSAYE;15877;17.89;45.32;non
60_3;73889;33.55;REM;Pascal BOIS;14300;19.35;57.68;elu
60_3;73889;33.55;FN;Philippe MURER;10493;14.2;42.32;non
59_21;82589;34.99;UDI;Béatrice DESCAMPS;18126;21.95;62.72;elu
59_21;82589;34.99;FN;Valérie CAUDRON;10774;13.05;37.28;non
60_6;75229;40.1;REM;Carole BUREAU-BONNARD;17619;23.42;58.4;elu
60_6;75229;40.1;FN;Michel GUINIOT;12548;16.68;41.6;non
59_16;83023;36.78;COM;Alain BRUNEEL;17057;20.54;55.86;elu
59_16;83023;36.78;FN;Hortense DE MEREUIL;13478;16.23;44.14;non
60_4;92500;40.34;LR;Eric WOERTH;19396;20.97;51.98;elu
60_4;92500;40.34;REM;Stéphanie LOZANO;17916;19.37;48.02;non
59_19;79087;36.58;FN;Sébastien CHENU;16013;20.25;55.35;elu
59_19;79087;36.58;MDM;Sabine HEBBAR;12920;16.34;44.65;non
60_5;72842;37.65;LR;Pierre VATIN;15347;21.07;55.96;elu
60_5;72842;37.65;REM;Emmanuelle BOUR;12076;16.58;44.04;non
60_7;76096;37.42;LR;Maxime MINOT;17235;22.65;60.52;elu
60_7;76096;37.42;REM;Jean-François DARDENNE;11242;14.77;39.48;non
61_1;69513;41.63;SOC;Joaquim PUEYO;15192;21.85;52.5;elu
61_1;69513;41.63;DVD;Christine ROIMIER;13746;19.77;47.5;non
61_3;71645;45.79;LR;Jérôme NURY;18397;25.68;56.08;elu
61_3;71645;45.79;REM;Isabelle BOSCHER;14407;20.11;43.92;non
62_1;104385;43.94;MDM;Bruno DUVERGÉ;24770;23.73;54.01;elu
62_1;104385;43.94;FN;Agnès CAUDRON;21093;20.21;45.99;non
62_2;85128;40.97;REM;Jacqueline MAQUET;22847;26.84;65.51;elu
62_2;85128;40.97;FN;Alban HEUSELE;12028;14.13;34.49;non
62_3;85611;35.96;FN;José EVRARD;16298;19.04;52.94;elu
62_3;85611;35.96;MDM;Patrick DEBRUYNE;14485;16.92;47.06;non
62_4;88520;50.1;LR;Daniel FASQUELLE;23147;26.15;52.19;elu
62_4;88520;50.1;REM;Thibaut GUILLUY;21204;23.95;47.81;non
62_5;90116;37.3;REM;Jean-Pierre PONT;20514;22.76;61.03;elu
62_5;90116;37.3;FN;Antoine GOLLIOT;13101;14.54;38.97;non
62_6;91198;45.01;REM;Brigitte BOURGUIGNON;24970;27.38;60.84;elu
62_6;91198;45.01;FN;Marie-Christine BOURGEOIS;16074;17.63;39.16;non
61_2;67447;43.84;LR;Véronique LOUWAGIE;16182;23.99;54.73;elu
61_2;67447;43.84;REM;Ophélie LEROUGE;13386;19.85;45.27;non
62_7;93283;37.51;LR;Pierre-Henri DUMONT;21284;22.82;60.83;elu
62_7;93283;37.51;FN;Philippe OLIVIER;13707;14.69;39.17;non
62_8;93014;40.58;REM;Benoit POTTERIE;21431;23.04;56.78;elu
62_8;93014;40.58;FN;Karine HAVERLANT;16310;17.53;43.22;non
62_9;79078;40.47;MDM;Marguerite DEPREZ-AUDEBERT;18451;23.33;57.66;elu
62_9;79078;40.47;FN;Jacques DELAIRE;13548;17.13;42.34;non
62_11;94924;40.93;FN;Marine LE PEN;22769;23.99;58.6;elu
62_11;94924;40.93;REM;Anne ROQUET;16084;16.94;41.4;non
62_12;95124;38.28;FN;Bruno BILDE;20057;21.09;55.08;elu
62_12;95124;38.28;REM;Coralie REMBERT;16360;17.2;44.92;non
63_1;83501;37.9;REM;Valérie THOMAS;18042;21.61;57.01;elu
63_1;83501;37.9;FI;Alain LAFFONT;13603;16.29;42.99;non
63_3;89003;40.78;MDM;Laurence VICHNIEVSKY;20333;22.85;56.02;elu
63_3;89003;40.78;UDI;Louis GISCARD D'ESTAING;15966;17.94;43.98;non
63_4;98645;35.23;MDM;Michel FANGET;19265;19.53;55.44;elu
63_4;98645;35.23;LR;Bertrand BARRAUD;15483;15.7;44.56;non
62_10;90271;37.62;FN;Ludovic PAJOT;17854;19.78;52.58;elu
62_10;90271;37.62;REM;Laurence DESCHANEL;16105;17.84;47.42;non
63_5;102047;47.21;COM;André CHASSAIGNE;30620;30.01;63.55;elu
63_5;102047;47.21;REM;Sébastien GARDETTE;17561;17.21;36.45;non
64_1;68809;35.77;MDM;Josy POUEYTO;15438;22.44;62.72;elu
64_1;68809;35.77;LR;Pauline ROY;9178;13.34;37.28;non
63_2;87873;44.9;SOC;Christine PIRÈS BEAUNE;24936;28.38;63.21;elu
63_2;87873;44.9;REM;Mohand HAMOUMOU;14515;16.52;36.79;non
64_2;80072;42.19;MDM;Jean-Paul MATTEI;20584;25.71;60.93;elu
64_2;80072;42.19;SOC;Nathalie CHABANNE;13198;16.48;39.07;non
64_3;82747;47.68;SOC;David HABIB;21286;25.72;53.96;elu
64_3;82747;47.68;REM;Michel BERNOS;18164;21.95;46.04;non
64_4;80161;46.76;DVD;Jean LASSALLE;19787;24.68;52.79;elu
64_4;80161;46.76;REM;Loïc CORRÉGÉ;17694;22.07;47.21;non
64_5;90977;39.75;MDM;Florence LASSERRE-DAVID;20623;22.67;57.03;elu
64_5;90977;39.75;SOC;Colette CAPDEVIELLE;15536;17.08;42.97;non
64_6;99395;36.81;MDM;Vincent BRU;22872;23.01;62.51;elu
64_6;99395;36.81;LR;Maider AROSTEGUY;13715;13.8;37.49;non
65_1;88311;44.31;REM;Jean-Bernard SEMPASTOUS;23031;26.08;58.85;elu
65_1;88311;44.31;FI;Sylvie FERRER;16102;18.23;41.15;non
66_2;96636;41.91;FN;Louis ALIOT;20477;21.19;50.56;elu
66_2;96636;41.91;MDM;Christine ESPERT;20025;20.72;49.44;non
66_1;70972;36.25;REM;Romain GRAU;14720;20.74;57.22;elu
66_1;70972;36.25;FN;Alexandre BOLO;11007;15.51;42.78;non
66_4;97099;39.43;REM;Sébastien CAZENOVE;22193;22.86;57.97;elu
66_4;97099;39.43;FN;Stéphane MASSANELL;16092;16.57;42.03;non
67_1;61033;36.35;REM;Thierry MICHELS;13301;21.79;59.95;elu
67_1;61033;36.35;SOC;Eric ELKOUBY;8885;14.56;40.05;non
67_2;69535;35.61;REM;Sylvain WASERMAN;14492;20.84;58.53;elu
67_2;69535;35.61;SOC;Philippe BIES;10268;14.77;41.47;non
65_2;89340;39.94;RDG;Jeanine DUBIÉ;18230;20.41;51.09;elu
65_2;89340;39.94;REM;Marie-Agnès STARICKY;17455;19.54;48.91;non
66_3;83038;37.57;REM;Laurence GAYTE;18501;22.28;59.31;elu
66_3;83038;37.57;FN;Sandrine DOGOR;12693;15.29;40.69;non
67_3;68885;34.82;REM;Bruno STUDER;14337;20.81;59.77;elu
67_3;68885;34.82;LR;Georges SCHULER;9648;14.01;40.23;non
67_5;103986;34.65;LR;Antoine HERTH;19507;18.76;54.14;elu
67_5;103986;34.65;REG;Gérard SIMLER;16522;15.89;45.86;non
67_4;94490;39.49;REM;Martine WONNER;20842;22.06;55.86;elu
67_4;94490;39.49;LR;Sophie ROHFRITSCH;16471;17.43;44.14;non
67_6;96037;41.33;LR;Laurent FURST;24843;25.87;62.6;elu
67_6;96037;41.33;MDM;Guy SALOMON;14845;15.46;37.4;non
67_7;85427;38.96;LR;Patrick HETZEL;20836;24.39;62.61;elu
67_7;85427;38.96;REM;Antoinette DE SANTIS;12445;14.57;37.39;non
67_8;94499;39.65;LR;Frédéric REISS;22063;23.35;58.88;elu
67_8;94499;39.65;REM;Christian GLIECH;15407;16.3;41.12;non
67_9;92729;36.37;REM;Vincent THIEBAUT;17210;18.56;51.03;elu
67_9;92729;36.37;LR;Etienne WOLF;16512;17.81;48.97;non
68_2;92208;40.1;LR;Jacques CATTIN;19001;20.61;51.39;elu
68_2;92208;40.1;REM;Hubert OTT;17974;19.49;48.61;non
68_3;85719;39.74;LR;Jean-Luc REITZER;18787;21.92;55.15;elu
68_3;85719;39.74;REM;Patrick STRIBY;15277;17.82;44.85;non
68_4;102685;34.9;LR;Raphaël SCHELLENBERGER;18234;17.76;50.88;elu
68_4;102685;34.9;REM;Aurélie TACQUARD;17604;17.14;49.12;non
69_2;74987;43.12;REM;Hubert JULIEN-LAFERRIERE;17139;22.86;53.0;elu
69_2;74987;43.12;DVG;Nathalie PERRIN-GILBERT;15198;20.27;47.0;non
68_5;77491;37.6;DVD;Olivier BECHT;16807;21.69;57.69;elu
68_5;77491;37.6;REM;Cécile LEHR;12327;15.91;42.31;non
68_1;76069;39.91;LR;Eric STRAUMANN;20163;26.51;66.41;elu
68_1;76069;39.91;REM;Stéphanie VILLEMIN;10199;13.41;33.59;non
68_6;92418;34.42;REM;Bruno FUCHS;20408;22.08;64.16;elu
68_6;92418;34.42;FN;Sylvain MARCELLI;11401;12.34;35.84;non
69_1;69503;39.61;REM;Thomas RUDIGOZ;17717;25.49;64.36;elu
69_1;69503;39.61;FI;Elliott AUBIN;9811;14.12;35.64;non
69_3;72021;40.82;REM;Jean-Louis TOURAINE;17595;24.43;59.85;elu
69_3;72021;40.82;FI;Pascal LE BRUN;11805;16.39;40.15;non
69_5;88072;42.1;REM;Blandine BROCARD;22342;25.37;60.25;elu
69_5;88072;42.1;LR;Philippe COCHET;14740;16.74;39.75;non
69_6;82455;37.15;REM;Bruno BONNELL;18477;22.41;60.32;elu
69_6;82455;37.15;SOC;Najat VALLAUD-BELKACEM;12153;14.74;39.68;non
69_9;91683;40.7;LR;Bernard PERRUT;19029;20.76;51.0;elu
69_9;91683;40.7;REM;Marion CROIZEAU;18283;19.94;49.0;non
69_10;95268;40.28;REM;Thomas GASSILLOUD;24498;25.71;63.83;elu
69_10;95268;40.28;LR;Sophie CRUZ;13880;14.57;36.17;non
69_11;92513;37.91;REM;Jean-Luc FUGIT;19190;20.74;54.71;elu
69_11;92513;37.91;LR;Georges FENECH;15884;17.17;45.29;non
69_12;79783;40.05;MDM;Cyrille ISAAC-SIBILLE;17976;22.53;56.25;elu
69_12;79783;40.05;LR;Jérôme MOROGE;13981;17.52;43.75;non
69_4;80168;41.39;REM;Anne BRUGNERA;20095;25.07;60.55;elu
69_4;80168;41.39;LR;Dominique NACHURY;13090;16.33;39.45;non
69_13;84804;36.36;REM;Danièle CAZARIAN;16140;19.03;52.35;elu
69_13;84804;36.36;LR;Philippe MEUNIER;14692;17.32;47.65;non
69_7;68017;30.4;REM;Anissa KHEDHER;10463;15.38;50.6;elu
69_7;68017;30.4;LR;Alexandre VINCENDET;10215;15.02;49.4;non
69_8;102552;43.13;LR;Patrice VERCHÈRE;23720;23.13;53.62;elu
69_8;102552;43.13;REM;Joëlle TERROIR;20514;20.0;46.38;non
70_1;88459;44.22;REM;Barbara BESSOT BALLOT;23128;26.15;59.13;elu
70_1;88459;44.22;FN;Léonie CUGNOT;15989;18.08;40.87;non
70_2;90724;42.46;REM;Christophe LEJEUNE;22342;24.63;58.0;elu
70_2;90724;42.46;FN;Maurice MONNIER;16180;17.83;42.0;non
71_2;78344;40.32;LR;Josiane CORNELOUP;16124;20.58;51.04;elu
71_2;78344;40.32;REM;Vincent CHAUVET;15466;19.74;48.96;non
71_3;82724;37.05;REM;Rémy REBEYROTTE;16993;20.54;55.44;elu
71_3;82724;37.05;LR;Charles LANDRE;13660;16.51;44.56;non
71_4;82337;36.71;SOC;Cécile UNTERMAIER;16527;20.07;54.67;elu
71_4;82337;36.71;REM;Catherine GABRELLE;13701;16.64;45.33;non
71_5;89986;34.67;REM;Raphaël GAUVAIN;17189;19.1;55.09;elu
71_5;89986;34.67;LR;Gilles PLATRET;14012;15.57;44.91;non
69_14;74256;28.15;REM;Yves BLEIN;13714;18.47;65.6;elu
69_14;74256;28.15;FN;Damien MONCHAU;7192;9.69;34.4;non
72_1;71771;38.11;REM;Damien PICHEREAU;13704;19.09;50.1;elu
72_1;71771;38.11;LR;Christelle MORANÇAIS;13648;19.02;49.9;non
72_2;81984;35.86;SOC;Marietta KARAMANLI;18192;22.19;61.88;elu
72_2;81984;35.86;REM;Aurélie PEROT;11208;13.67;38.12;non
72_3;85250;36.55;REM;Pascale FONTENEL-PERSONNE;16730;19.62;53.69;elu
72_3;85250;36.55;LR;Béatrice PAVY-MORANÇAIS;14430;16.93;46.31;non
72_4;79626;36.86;SOC;Stéphane LE FOLL;16117;20.24;54.91;elu
72_4;79626;36.86;LR;Emmanuel FRANCO;13235;16.62;45.09;non
71_1;72893;38.84;REM;Benjamin DIRX;16219;22.25;57.29;elu
71_1;72893;38.84;LR;Jean-Patrick COURTOIS;12090;16.59;42.71;non
73_1;87096;43.78;REM;Typhanie DEGOIS;19355;22.22;50.76;elu
73_1;87096;43.78;LR;Dominique DORD;18775;21.56;49.24;non
73_2;76029;32.39;LR;Vincent ROLLAND;14076;18.51;57.17;elu
73_2;76029;32.39;DIV;Philipe TROUTOT;10547;13.87;42.83;non
73_3;72714;38.0;LR;Emilie BONNIVARD;14857;20.43;53.77;elu
73_3;72714;38.0;REM;Philip VIVIER;12776;17.57;46.23;non
73_4;74639;31.97;MDM;Patrick MIGNOLA;13293;17.81;55.71;elu
73_4;74639;31.97;DVG;Bernadette LACLAIS;10568;14.16;44.29;non
74_1;100364;38.99;REM;Véronique RIOTTON;25174;25.08;64.32;elu
74_1;100364;38.99;LR;Annabel ANDRE-LAURENT;13962;13.91;35.68;non
72_5;86938;38.82;LR;Jean-Carles GRELIER;17795;20.47;52.73;elu
72_5;86938;38.82;REM;Willy COLIN;15951;18.35;47.27;non
74_5;95600;34.72;REM;Marion LENNE;17814;18.63;53.66;elu
74_5;95600;34.72;DVD;Astrid BAUD-ROCHE;15381;16.09;46.34;non
74_4;85226;36.85;LR;Virginie DUBY-MULLER;17158;20.13;54.63;elu
74_4;85226;36.85;REM;Laura DEVIN;14249;16.72;45.37;non
75_1;80780;58.57;REM;Sylvain MAILLARD;24037;29.76;50.8;elu
75_1;80780;58.57;LR;Jean-François LEGARET;8402;10.4;17.76;non
75_1;80780;58.57;SOC;Pauline VÉRON;3705;4.59;7.83;non
75_1;80780;58.57;FI;Patrick COMOY;2840;3.52;6.0;non
75_1;80780;58.57;ECO;Victoria BARIGANT;2481;3.07;5.24;non
75_1;80780;58.57;DVD;Vincent BALADI;1578;1.95;3.34;non
75_1;80780;58.57;FN;Guylaine COEFFIER;1029;1.27;2.17;non
75_1;80780;58.57;DVD;Ida DE CHAVAGNAC;551;0.68;1.16;non
75_1;80780;58.57;DIV;Micha MAZAHERI;413;0.51;0.87;non
75_1;80780;58.57;COM;Sylvie BAYLE;388;0.48;0.82;non
75_1;80780;58.57;DIV;Nathalie GORDTS;327;0.4;0.69;non
75_1;80780;58.57;DVD;Louis DE GENOUILLAC;265;0.33;0.56;non
75_1;80780;58.57;DIV;Ronan LE ROY;250;0.31;0.53;non
75_1;80780;58.57;DLF;Christophe TAVERNIER;221;0.27;0.47;non
75_1;80780;58.57;DIV;Bérangère QUINTERNET;185;0.23;0.39;non
75_1;80780;58.57;ECO;Marc VALLAUD;180;0.22;0.38;non
75_1;80780;58.57;DIV;Mathilde DE BAYSER;160;0.2;0.34;non
75_1;80780;58.57;DIV;Jacques DOR;111;0.14;0.23;non
75_1;80780;58.57;EXG;Laurence BOULINIER;102;0.13;0.22;non
75_1;80780;58.57;DVD;Louis-Max DE NAZELLE;47;0.06;0.1;non
75_1;80780;58.57;ECO;Pascal MUNIER;39;0.05;0.08;non
75_1;80780;58.57;DVD;Éric LEVAVASSEUR;3;0.0;0.01;non
74_6;78941;36.67;REM;Xavier ROSEREN;16356;20.72;56.51;elu
74_6;78941;36.67;LR;Sophie DION;12588;15.95;43.49;non
74_2;94936;39.86;REM;Frédérique LARDET;20286;21.37;53.6;elu
74_2;94936;39.86;LR;Lionel TARDY;17560;18.5;46.4;non
74_3;81882;39.52;LR;Martial SADDIER;16665;20.35;51.5;elu
74_3;81882;39.52;REM;Guillaume GIBOUIN;15693;19.17;48.5;non
75_2;71736;46.9;REM;Gilles LE GENDRE;18347;25.58;54.53;elu
75_2;71736;46.9;LR;Nathalie KOSCIUSKO-MORIZET;15298;21.33;45.47;non
75_3;68679;39.57;REM;Stanislas GUERINI;17801;25.92;65.5;elu
75_3;68679;39.57;UDI;Valérie NAHMIAS;9376;13.65;34.5;non
75_4;69753;47.38;LR;Brigitte KUSTER;17024;24.41;51.51;elu
75_4;69753;47.38;REM;Ilana CICUREL;16024;22.97;48.49;non
75_5;75881;44.99;REM;Benjamin GRIVEAUX;19212;25.32;56.27;elu
75_5;75881;44.99;SOC;Seybah DAGOMA;14930;19.68;43.73;non
75_7;76054;46.19;REM;Pacôme RUPIN;19637;25.82;55.9;elu
75_7;76054;46.19;SOC;Patrick BLOCHE;15491;20.37;44.1;non
75_8;82164;40.22;REM;Laetitia AVIA;21335;25.97;64.56;elu
75_8;82164;40.22;LR;Valérie MONTANDON;11710;14.25;35.44;non
75_6;76657;46.84;REM;Pierre PERSON;18309;23.88;50.99;elu
75_6;76657;46.84;FI;Danielle SIMONNET;17600;22.96;49.01;non
75_12;73915;50.61;REM;Olivia GREGOIRE;21082;28.52;56.36;elu
75_12;73915;50.61;LR;Philippe GOUJON;16327;22.09;43.64;non
75_9;68351;44.13;REM;Buon TAN;16669;24.39;55.26;elu
75_9;68351;44.13;FI;Raphaël QNOUCH;13497;19.75;44.74;non
75_13;75382;47.95;REM;Hugues RENSON;20239;26.85;55.99;elu
75_13;75382;47.95;LR;Jean-François LAMOUR;15906;21.1;44.01;non
75_10;67347;44.91;REM;Anne-Christine LANG;18181;27.0;60.11;elu
75_10;67347;44.91;FI;Leïla CHAIBI;12063;17.91;39.89;non
75_11;70944;42.62;MDM;Marielle DE SARNEZ;19203;27.07;63.51;elu
75_11;70944;42.62;LR;Francis SZPINER;11035;15.55;36.49;non
75_15;76203;39.26;SOC;George PAU-LANGEVIN;18038;23.67;60.29;elu
75_15;76203;39.26;FI;Mehdi KEMOUNE;11880;15.59;39.71;non
75_14;72364;50.15;LR;Claude GOASGUEN;19029;26.3;52.43;elu
75_14;72364;50.15;REM;Valérie BOUGAULT-DELAGE;17263;23.86;47.57;non
75_16;70384;42.37;REM;Mounir MAHJOUBI;15263;21.69;51.18;elu
75_16;70384;42.37;FI;Sarah LEGRAIN;14562;20.69;48.82;non
75_18;67245;35.93;LR;Pierre-Yves BOURNAZEL;12954;19.26;53.61;elu
75_18;67245;35.93;SOC;Myriam EL KHOMRI;11209;16.67;46.39;non
76_1;64488;37.64;REM;Damien ADAM;13271;20.58;54.68;elu
76_1;64488;37.64;SOC;Valérie FOURNEYRON;11000;17.06;45.32;non
75_17;58245;38.46;FI;Danièle OBONO;11360;19.5;50.71;elu
75_17;58245;38.46;REM;Béatrice FAILLÉS;11041;18.96;49.29;non
76_3;69397;38.39;COM;Hubert WULFRANC;16268;23.44;61.07;elu
76_3;69397;38.39;REM;Cyrille GRENOT;10371;14.94;38.93;non
76_2;94797;39.58;REM;Annie VIDAL;22715;23.96;60.54;elu
76_2;94797;39.58;LR;Françoise GUÉGOT;14805;15.62;39.46;non
76_4;88359;35.91;REM;Sira SYLLA;19271;21.81;60.73;elu
76_4;88359;35.91;FN;Nicolas GOURY;12461;14.1;39.27;non
76_5;96318;39.19;SOC;Christophe BOUILLON;26103;27.1;69.15;elu
76_5;96318;39.19;LR;Jean DELALANDRE;11648;12.09;30.85;non
76_6;109566;43.38;COM;Sébastien JUMEL;24845;22.68;52.27;elu
76_6;109566;43.38;REM;Philippe DUFOUR;22685;20.7;47.73;non
76_8;67666;32.79;COM;Jean-Paul LECOQ;13911;20.56;62.7;elu
76_8;67666;32.79;REM;Béatrice DELAMOTTE;8276;12.23;37.3;non
76_9;93669;40.46;REM;Stéphanie KERBARH;23852;25.46;62.94;elu
76_9;93669;40.46;FN;Geneviève SALVISBERG;14045;14.99;37.06;non
76_10;108745;42.57;REM;Xavier BATUT;28569;26.27;61.72;elu
76_10;108745;42.57;FN;Stacy BLONDEL;17720;16.3;38.28;non
77_2;79725;40.7;LR;Valérie LACROUTE;17551;22.01;54.09;elu
77_2;79725;40.7;REM;Estelle ROUSSEAU;14897;18.69;45.91;non
76_7;87631;31.82;LR;Agnès FIRMIN LE BODO;17267;19.7;61.92;elu
76_7;87631;31.82;RDG;Antoine SIFFERT;10617;12.12;38.08;non
77_5;84878;35.1;LR;Franck RIESTER;20523;24.18;68.89;elu
77_5;84878;35.1;FN;Joffrey BOLLÉE;9266;10.92;31.11;non
77_8;88870;32.63;REM;Jean-Michel FAUVERGUE;19485;21.93;67.19;elu
77_8;88870;32.63;LR;Chantal BRUNEL;9513;10.7;32.81;non
77_1;70918;31.87;MDM;Aude LUQUET;12659;17.85;56.01;elu
77_1;70918;31.87;LR;Denis JULLEMIER;9942;14.02;43.99;non
77_9;85973;32.92;REM;Michèle PEYRON;15361;17.87;54.27;elu
77_9;85973;32.92;LR;Guy GEOFFROY;12943;15.05;45.73;non
77_3;75460;35.52;UDI;Yves JEGO;18531;24.56;69.13;elu
77_3;75460;35.52;FN;Aymeric DUROX;8274;10.96;30.87;non
77_4;87944;38.58;LR;Christian JACOB;20957;23.83;61.77;elu
77_4;87944;38.58;REM;Emmanuel MARCADET;12973;14.75;38.23;non
77_6;78121;33.37;LR;Jean-François PARIGI;14367;18.39;55.11;elu
77_6;78121;33.37;REM;Laëtitia MARTIG-DECÈS;11703;14.98;44.89;non
77_11;64893;34.4;SOC;Olivier FAURE;13639;21.02;61.09;elu
77_11;64893;34.4;REM;Amandine RUBINELLI;8686;13.39;38.91;non
78_1;83490;46.63;REM;Didier BAICHÈRE;19879;23.81;51.06;elu
78_1;83490;46.63;LR;François-Xavier BELLAMY;19052;22.82;48.94;non
77_10;79365;33.91;REM;Stéphanie DO;15154;19.09;56.31;elu
77_10;79365;33.91;FI;Maxime LAISNEY;11757;14.81;43.69;non
78_2;85418;46.91;REM;Jean-Noël BARROT;23361;27.35;58.3;elu
78_2;85418;46.91;LR;Pascal THÉVENOT;16711;19.56;41.7;non
77_7;85368;34.83;REM;Rodrigue KOKOUENDO;18279;21.41;61.48;elu
77_7;85368;34.83;FN;Béatrice TROUSSARD;11455;13.42;38.52;non
78_4;78497;44.95;REM;Marie LEBEC;21662;27.6;61.39;elu
78_4;78497;44.95;LR;Ghislain FOURNIER;13625;17.36;38.61;non
78_6;75704;41.91;REM;Natalia POUZYREFF;18510;24.45;58.34;elu
78_6;75704;41.91;LR;Pierre MORANGE;13219;17.46;41.66;non
78_3;83239;45.24;REM;Béatrice PIRON;22191;26.66;58.93;elu
78_3;83239;45.24;LR;Philippe BRILLAULT;15466;18.58;41.07;non
78_7;80615;37.4;MDM;Michèle DE VAUCOULEURS;16756;20.79;55.57;elu
78_7;80615;37.4;UDI;Arnaud RICHARD;13395;16.62;44.43;non
78_8;73870;31.43;LR;Michel VIALAY;12275;16.62;52.86;elu
78_8;73870;31.43;REM;Khadija MOUDNIB;10946;14.82;47.14;non
78_5;73783;45.23;REM;Yaël BRAUN-PIVET;19684;26.68;58.99;elu
78_5;73783;45.23;LR;Jacques MYARD;13686;18.55;41.01;non
78_9;90984;36.15;MDM;Bruno MILLIENNE;17926;19.7;54.5;elu
78_9;90984;36.15;LR;Jean-Marie TETART;14968;16.45;45.5;non
78_10;88764;45.01;REM;Aurore BERGÉ;25701;28.95;64.33;elu
78_10;88764;45.01;DVD;Jean-Frédéric POISSON;14250;16.05;35.67;non
78_11;68016;37.99;REM;Nadia HAÏ;13684;20.12;52.96;elu
78_11;68016;37.99;LR;Jean-Michel FOURGOUS;12153;17.87;47.04;non
78_12;69005;42.18;REM;Florence GRANJUS;16484;23.89;56.63;elu
78_12;69005;42.18;LR;David DOUILLET;12625;18.3;43.37;non
79_1;90237;41.96;REM;Guillaume CHICHE;22878;25.35;60.42;elu
79_1;90237;41.96;FI;Nathalie SEGUIN;14987;16.61;39.58;non
80_2;75487;38.42;REM;Barbara POMPILI;17948;23.78;61.89;elu
80_2;75487;38.42;FI;Cédric MAISSE;11053;14.64;38.11;non
79_2;97375;45.04;SOC;Delphine BATHO;24970;25.64;56.94;elu
79_2;97375;45.04;REM;Christine HEINTZ;18886;19.4;43.06;non
79_3;84787;38.61;REM;Jean-Marie FIEVET;19434;22.92;59.37;elu
79_3;84787;38.61;LR;Véronique SCHAAF-GAUTHIER;13300;15.69;40.63;non
80_1;84286;40.97;FI;François RUFFIN;19329;22.93;55.97;elu
80_1;84286;40.97;REM;Nicolas DUMONT;15205;18.04;44.03;non
80_3;83768;41.07;LR;Emmanuel MAQUET;20688;24.7;60.14;elu
80_3;83768;41.07;REM;Bruno MARIAGE;13714;16.37;39.86;non
80_4;84026;42.01;REM;Jean-Claude LECLABART;20463;24.35;57.97;elu
80_4;84026;42.01;FN;Eric RICHERMOZ;14837;17.66;42.03;non
80_5;81450;49.03;UDI;Stéphane DEMILLY;21505;26.4;53.85;elu
80_5;81450;49.03;FN;Loïc GRIMAUX;8487;10.42;21.25;non
80_5;81450;49.03;FI;Olivier SPINELLI;4770;5.86;11.94;non
80_5;81450;49.03;COM;Valérie ROUSSEL;1937;2.38;4.85;non
80_5;81450;49.03;DIV;Thierry VINDEVOGEL;1441;1.77;3.61;non
80_5;81450;49.03;DLF;Olga SOROKINA-DOLLE;620;0.76;1.55;non
80_5;81450;49.03;EXD;Florence PERDU;472;0.58;1.18;non
80_5;81450;49.03;EXG;Régis LIÉVRARD;439;0.54;1.1;non
80_5;81450;49.03;DIV;David MAKOWSKI;263;0.32;0.66;non
81_1;83763;42.15;DVD;Philippe FOLLIOT;24959;29.8;70.69;elu
81_1;83763;42.15;FN;Frédéric CABROLIER;10350;12.36;29.31;non
81_2;106014;41.38;REM;Marie-Christine VERDIER-JOUCLAS;29014;27.37;66.14;elu
81_2;106014;41.38;FN;Doriane ALBARAO;14851;14.01;33.86;non
81_3;101428;43.3;REM;Jean TERLIER;22884;22.56;52.11;elu
81_3;101428;43.3;LR;Bernard CARAYON;21031;20.73;47.89;non
82_1;89978;40.51;SOC;Valérie RABAULT;20146;22.39;55.28;elu
82_1;89978;40.51;REM;Pierre MARDEGAN;16300;18.12;44.72;non
82_2;93329;41.39;RDG;Sylvia PINEL;21398;22.93;55.4;elu
82_2;93329;41.39;FN;Romain LOPEZ;17230;18.46;44.6;non
83_1;74842;34.98;LR;Geneviève LEVY;14448;19.3;55.18;elu
83_1;74842;34.98;REM;Elisabeth CHANTRIEUX;11734;15.68;44.82;non
83_2;90541;35.36;REM;Cécile MUSCHOTTI;18334;20.25;57.27;elu
83_2;90541;35.36;FN;Rachel ROUSSEL;13678;15.11;42.73;non
83_3;100775;37.8;LR;Jean-Louis MASSON;19570;19.42;51.38;elu
83_3;100775;37.8;REM;Alexandre ZAPOLSKY;18521;18.38;48.62;non
83_4;106143;37.0;REM;Sereine MAUBORGNE;21460;20.22;54.65;elu
83_4;106143;37.0;FN;Philippe LOTTIAUX;17808;16.78;45.35;non
83_5;96236;39.16;MDM;Philippe MICHEL-KLEISBAUER;20061;20.85;53.24;elu
83_5;96236;39.16;FN;Gilles LONGO;17622;18.31;46.76;non
83_6;118392;37.09;REM;Valérie GOMEZ-BASSAC;24541;20.73;55.89;elu
83_6;118392;37.09;FN;Jérôme RIVIERE;19371;16.36;44.11;non
83_7;103503;35.56;REM;Emilie GUEREL;20967;20.26;56.97;elu
83_7;103503;35.56;FN;Frédéric BOCCALETTI;15838;15.3;43.03;non
83_8;104360;40.2;REM;Fabien MATRAS;24209;23.2;57.71;elu
83_8;104360;40.2;FN;Pierre JUGY;17743;17.0;42.29;non
84_1;73001;35.9;REM;Jean-François CESARINI;15227;20.86;58.09;elu
84_1;73001;35.9;FN;Anne-Sophie RIGAULT;10984;15.05;41.91;non
84_2;83311;37.68;LR;Jean-Claude BOUCHET;16762;20.12;53.39;elu
84_2;83311;37.68;REM;Sonia STRAPELIAS;14633;17.56;46.61;non
84_3;75602;41.29;REM;Brune POIRSON;15819;20.92;50.67;elu
84_3;75602;41.29;FN;Hervé DE LÉPINAU;15398;20.37;49.33;non
84_4;88777;42.56;EXD;Jacques BOMPARD;19030;21.44;50.37;elu
84_4;88777;42.56;REM;Carole NORMANI;18754;21.12;49.63;non
84_5;81871;38.45;LR;Julien AUBERT;16019;19.57;50.89;elu
84_5;81871;38.45;REM;Jean VIARD;15460;18.88;49.11;non
85_1;109666;40.28;MDM;Philippe LATOMBE;24156;22.03;54.69;elu
85_1;109666;40.28;LR;Alain LEBOEUF;20015;18.25;45.31;non
85_5;81455;41.41;REM;Pierre HENRIET;17999;22.1;53.36;elu
85_5;81455;41.41;SOC;Hugues FOURAGE;15732;19.31;46.64;non
85_2;103480;38.52;MDM;Patricia GALLERNEAU;23748;22.95;59.58;elu
85_2;103480;38.52;LR;Béatrice BELLAMY;16113;15.57;40.42;non
85_3;122015;40.79;REM;Stéphane BUCHOU;29940;24.54;60.16;elu
85_3;122015;40.79;LR;Florence PINEAU;19825;16.25;39.84;non
85_4;97892;39.44;REM;Martine LEGUILLE-BALLOY;24129;24.65;62.5;elu
85_4;97892;39.44;UDI;Wilfrid MONTASSIER;14475;14.79;37.5;non
86_1;79559;40.34;REM;Jacques SAVATIER;19135;24.05;59.62;elu
86_1;79559;40.34;FI;Céline CUVILLIER;12961;16.29;40.38;non
86_2;77522;37.0;REM;Sacha HOULIÉ;19423;25.05;67.71;elu
86_2;77522;37.0;LR;Olivier CHARTIER;9261;11.95;32.29;non
86_4;75658;37.35;MDM;Nicolas TURQUOIS;14508;19.18;51.34;elu
86_4;75658;37.35;UDI;Anne-Florence BOURAT;13752;18.18;48.66;non
87_1;84743;42.37;REM;Sophie BEAUDOUIN-HUBIERE;19965;23.56;55.6;elu
87_1;84743;42.37;FI;Danielle SOURY;15943;18.81;44.4;non
87_2;97461;45.5;REM;Jean-Baptiste DJEBBARI-BONNET;24209;24.84;54.59;elu
87_2;97461;45.5;COM;Pierre ALLARD;20139;20.66;45.41;non
88_1;77078;39.91;LR;Stéphane VIRY;16340;21.2;53.12;elu
88_1;77078;39.91;REM;Alisson HAMELIN;14423;18.71;46.88;non
88_2;73261;38.19;LR;Gérard CHERPION;15501;21.16;55.41;elu
88_2;73261;38.19;REM;Christine URBES;12474;17.03;44.59;non
86_3;74026;40.92;REM;Jean-Michel CLÉMENT;20544;27.75;67.83;elu
86_3;74026;40.92;FN;Delphine JUMEAU;9744;13.16;32.17;non
88_3;65649;41.51;DVD;Christophe NAEGELEN;16547;25.21;60.71;elu
88_3;65649;41.51;REM;Claude THIRARD;10707;16.31;39.29;non
88_4;66558;41.69;LR;Jean-Jacques GAULTIER;14836;22.29;53.47;elu
88_4;66558;41.69;SOC;Christian FRANQUEVILLE;12909;19.4;46.53;non
89_1;76913;45.09;LR;Guillaume LARRIVÉ;18241;23.72;52.59;elu
89_1;76913;45.09;REM;Paulo DA SILVA MOREIRA;16442;21.38;47.41;non
89_2;75693;38.86;UDI;André VILLIERS;15911;21.02;54.09;elu
89_2;75693;38.86;REM;Jean-Yves CAULLET;13505;17.84;45.91;non
87_3;83058;40.98;REM;Marie-Ange MAGNE;21369;25.73;62.78;elu
87_3;83058;40.98;LR;Guillaume GUERIN;12668;15.25;37.22;non
89_3;89137;40.47;REM;Michèle CROUZET;20057;22.5;55.59;elu
89_3;89137;40.47;FN;Julien ODOUL;16020;17.97;44.41;non
90_2;47495;38.38;UDI;Michel ZUMKELLER;9814;20.66;53.84;elu
90_2;47495;38.38;REM;Bruno KERN;8415;17.72;46.16;non
91_1;71200;32.83;DVG;Manuel VALLS;11757;16.51;50.3;elu
91_1;71200;32.83;FI;Farida AMRANI;11618;16.32;49.7;non
91_2;90740;40.01;LR;Franck MARLIN;21572;23.77;59.42;elu
91_2;90740;40.01;MDM;Daphné RACT-MADOUX;14731;16.23;40.58;non
91_3;95817;39.42;REM;Laëtitia ROMEIRO DIAS;21684;22.63;57.41;elu
91_3;95817;39.42;FI;Virginie ARAUJO;16089;16.79;42.59;non
91_4;96489;38.99;REM;Marie-Pierre RIXAIN;21725;22.52;57.75;elu
91_4;96489;38.99;LR;Agnès EVREN;15895;16.47;42.25;non
91_5;68395;45.19;REM;Cédric VILLANI;21436;31.34;69.36;elu
91_5;68395;45.19;LR;Laure DARCOS;9469;13.84;30.64;non
91_6;81934;36.08;REM;Amélie DE MONTCHALIN;18132;22.13;61.34;elu
91_6;81934;36.08;UDI;Françoise COUASSE;11429;13.95;38.66;non
90_1;47840;38.76;LR;Ian BOUCARD;9410;19.67;50.75;elu
90_1;47840;38.76;MDM;Christophe GRUDLER;9131;19.09;49.25;non
91_7;73663;35.14;LR;Robin REDA;13731;18.64;53.04;elu
91_7;73663;35.14;REM;Muriel KERNREUTER;12156;16.5;46.96;non
91_8;76458;43.58;DLF;Nicolas DUPONT-AIGNAN;17344;22.68;52.05;elu
91_8;76458;43.58;REM;Antoine PAVAMANI;15980;20.9;47.95;non
91_9;79287;33.76;REM;Marie GUÉVENOUX;15513;19.57;57.96;elu
91_9;79287;33.76;LR;Véronique CARANTOIS;11254;14.19;42.04;non
92_1;62486;31.77;COM;Elsa FAUCILLON;10955;17.53;55.18;elu
92_1;62486;31.77;REM;Isia KHALFI;8897;14.24;44.82;non
92_2;68008;43.6;REM;Adrien TAQUET;18810;27.66;63.43;elu
92_2;68008;43.6;LR;Marie-Do AESCHLIMANN;10844;15.95;36.57;non
92_3;81072;44.08;REM;Christine HENNION;20962;25.86;58.66;elu
92_3;81072;44.08;LR;Jean SPIRI;14772;18.22;41.34;non
92_4;76175;34.38;REM;Isabelle FLORENNES;17616;23.13;67.27;elu
92_4;76175;34.38;LR;Camille BEDIN;8571;11.25;32.73;non
92_5;70370;40.32;REM;Céline CALVEZ;17736;25.2;62.51;elu
92_5;70370;40.32;LR;Arnaud DE COURSON;10637;15.12;37.49;non
92_6;74305;46.3;LR;Constance LE GRIP;18512;24.91;53.81;elu
92_6;74305;46.3;REM;Laurent ZAMECZKOWSKI;15890;21.38;46.19;non
92_7;86690;46.88;REM;Jacques MARILOSSIAN;23492;27.1;57.81;elu
92_7;86690;46.88;LR;Eric BERDOATI;17144;19.78;42.19;non
92_8;68751;45.59;REM;Jacques MAIRE;19126;27.82;61.03;elu
92_8;68751;45.59;LR;Gilles BOYER;12215;17.77;38.97;non
92_9;64985;40.28;LR;Thierry SOLÈRE;14800;22.77;56.53;elu
92_9;64985;40.28;DVD;Marie-Laure GODIN;11379;17.51;43.47;non
92_10;78974;43.25;REM;Gabriel ATTAL;20818;26.36;60.94;elu
92_10;78974;43.25;UDI;Jeremy COSTE;13342;16.89;39.06;non
91_10;60911;34.23;REM;Pierre-Alain RAPHAN;11138;18.29;53.42;elu
91_10;60911;34.23;FI;Charlotte GIRARD;9713;15.95;46.58;non
92_11;69273;44.93;REM;Laurianne ROSSI;16287;23.51;52.33;elu
92_11;69273;44.93;FI;Yasmine BOUDJENAH;14834;21.41;47.67;non
92_12;92856;44.07;MDM;Jean-Louis BOURLANGES;23705;25.53;57.92;elu
92_12;92856;44.07;LR;Philippe PEMEZEC;17221;18.55;42.08;non
92_13;89108;45.76;REM;Frédérique DUMAS;25017;28.07;61.36;elu
92_13;89108;45.76;LR;Georges SIFFREDI;15757;17.68;38.64;non
93_1;61804;30.0;FI;Éric COQUEREL;9590;15.52;51.72;elu
93_1;61804;30.0;REM;Sébastien MÉNARD;8951;14.48;48.28;non
93_2;54143;27.12;FI;Stéphane PEU;8501;15.7;57.89;elu
93_2;54143;27.12;REM;Véronique AVRIL;6183;11.42;42.11;non
93_3;72572;35.23;REM;Patrice ANATO;14594;20.11;57.09;elu
93_3;72572;35.23;FI;Dominique DELAUNAY;10971;15.12;42.91;non
93_4;60977;27.3;COM;Marie-George BUFFET;9926;16.28;59.63;elu
93_4;60977;27.3;REM;Prisca THEVENOT;6720;11.02;40.37;non
93_5;63848;30.2;UDI;Jean-Christophe LAGARDE;12745;19.96;66.1;elu
93_5;63848;30.2;REM;Malika MAALEM-CHIBANE;6537;10.24;33.9;non
93_6;52593;31.79;FI;Bastien LACHAUD;9196;17.49;55.01;elu
93_6;52593;31.79;REM;Alexandre AÏDARA;7522;14.3;44.99;non
93_7;76062;36.89;FI;Alexis CORBIÈRE;16246;21.36;57.9;elu
93_7;76062;36.89;REM;Halima MENHOUDJ;11812;15.53;42.1;non
93_8;60133;34.27;REM;Sylvie CHARRIÈRE;11632;19.34;56.45;elu
93_8;60133;34.27;LR;Patrice CALMÉJANE;8973;14.92;43.55;non
93_9;70180;34.17;FI;Sabine RUBIN;12533;17.86;52.26;elu
93_9;70180;34.17;REM;Jeanne DROMARD;11447;16.31;47.74;non
93_10;68698;28.8;LR;Alain RAMADIER;10470;15.24;52.92;elu
93_10;68698;28.8;REM;Billel OUADAH;9313;13.56;47.08;non
93_11;62665;29.39;FI;Clémentine AUTAIN;10962;17.49;59.52;elu
93_11;62665;29.39;REM;Elsa WANLIN;7456;11.9;40.48;non
94_3;72165;33.41;REM;Laurent SAINT-MARTIN;12452;17.25;51.64;elu
94_3;72165;33.41;LR;Didier GONZALES;11660;16.16;48.36;non
93_12;64794;29.69;REM;Stéphane TESTE;10196;15.74;53.01;elu
93_12;64794;29.69;UDI;Ludovic TORO;9039;13.95;46.99;non
94_1;84680;38.52;REM;Frédéric DESCROZAILLE;17114;20.21;52.47;elu
94_1;84680;38.52;LR;André KASPI;15505;18.31;47.53;non
94_4;72739;37.55;MDM;Maud PETIT;14625;20.11;53.55;elu
94_4;72739;37.55;LR;Marie-Carole CIUNTU;12687;17.44;46.45;non
94_5;89457;37.96;LR;Gilles CARREZ;17145;19.17;50.49;elu
94_5;89457;37.96;REM;Nadine RET;16815;18.8;49.51;non
94_7;65556;35.14;REM;Jean-Jacques BRIDEY;12141;18.52;52.7;elu
94_7;65556;35.14;LR;Vincent JEANBRUN;10895;16.62;47.3;non
94_8;76749;46.52;LR;Michel HERBILLON;20706;26.98;57.99;elu
94_8;76749;46.52;REM;Jennifer DOUIEB-NAHON;15001;19.55;42.01;non
94_9;53666;34.99;SOC;Luc CARVOUNAS;11029;20.55;58.74;elu
94_9;53666;34.99;REM;Gaëlle MARSEAU;7747;14.44;41.26;non
94_10;64439;37.28;FI;Mathilde PANOT;12547;19.47;52.22;elu
94_10;64439;37.28;REM;Sheerazed BOULKROUN;11479;17.81;47.78;non
94_2;63379;33.56;REM;Jean François MBAYE;11184;17.65;52.58;elu
94_2;63379;33.56;FI;François COCQ;10087;15.92;47.42;non
94_11;62446;37.37;REM;Albane GAILLOT;12511;20.03;53.61;elu
94_11;62446;37.37;FI;Djamel ARROUCHE;10824;17.33;46.39;non
95_1;81549;34.82;REM;Isabelle MULLER-QUOY;15400;18.88;54.23;elu
95_1;81549;34.82;LR;Antoine SAVIGNAT;12996;15.94;45.77;non
94_6;81289;39.31;REM;Guillaume GOUFFIER-CHA;18923;23.28;59.22;elu
94_6;81289;39.31;UDI;Gildas LECOQ;13030;16.03;40.78;non
95_4;76061;35.61;REM;Naïma MOUTCHOU;16081;21.14;59.37;elu
95_4;76061;35.61;LR;Claude BODIN;11007;14.47;40.63;non
95_3;91577;34.57;REM;Cecile RILHAC;18464;20.16;58.33;elu
95_3;91577;34.57;LR;Nicole LANASPRE;13193;14.41;41.67;non
95_7;69585;34.14;REM;Dominique DA SILVA;12801;18.4;53.88;elu
95_7;69585;34.14;LR;Jérôme CHARTIER;10958;15.75;46.12;non
95_5;68484;30.62;REM;Fiona LAZAAR;12523;18.29;59.72;elu
95_5;68484;30.62;SOC;Philippe DOUCET;8447;12.33;40.28;non
95_9;69985;27.08;REM;Zivka PARK;9791;13.99;51.67;elu
95_9;69985;27.08;LR;Anthony ARCIERO;9158;13.09;48.33;non
95_6;76438;34.76;MDM;Nathalie ELIMAS;15177;19.86;57.11;elu
95_6;76438;34.76;LR;Luc STREHAIANO;11396;14.91;42.89;non
95_10;66540;33.81;REM;Aurelien TACHE;13275;19.95;59.01;elu
95_10;66540;33.81;FI;Katia NOIN LEDANOIS;9221;13.86;40.99;non
95_2;76522;37.28;REM;Guillaume VUILLETET;14539;19.0;50.96;elu
95_2;76522;37.28;LR;Axel PONIATOWSKI;13992;18.28;49.04;non
95_8;54554;28.56;SOC;François PUPPONI;10252;18.79;65.8;elu
95_8;54554;28.56;DIV;Samy DEBAH;5328;9.77;34.2;non
971_1;76233;31.12;REM;Olivier SERVA;14648;19.21;61.74;elu
971_1;76233;31.12;DVG;Rosan RAUZDUEL;9078;11.91;38.26;non
971_2;86978;25.73;DVG;Justine BENIN;14379;16.53;64.26;elu
971_2;86978;25.73;REM;Diana PERRAN;7998;9.2;35.74;non
971_3;83684;23.19;DVG;Max MATHIASIN;12645;15.11;65.15;elu
971_3;83684;23.19;DVG;Nestor LUCE;6764;8.08;34.85;non
972_1;79425;27.49;DVG;Josette MANIN;11986;15.09;54.89;elu
972_1;79425;27.49;DIV;Philippe EDMOND-MARIETTE;9851;12.4;45.11;non
972_2;81667;30.97;DVG;Bruno Nestor AZEROT;14110;17.28;55.78;elu
972_2;81667;30.97;DVG;Justin PAMPHILE;11185;13.7;44.22;non
972_3;65399;31.25;DVG;Serge LETCHIMY;15114;23.11;73.94;elu
972_3;65399;31.25;REG;Françis CAROLE;5326;8.14;26.06;non
972_4;83734;25.97;REG;Jean-Philippe NILOR;14794;17.67;68.02;elu
972_4;83734;25.97;LR;Sylvia SAITHSOOTHANE;6954;8.3;31.98;non
973_1;53662;27.4;DVG;Gabriel SERVILLE;7546;14.06;51.33;elu
973_1;53662;27.4;REM;Joëlle PREVOT-MADERE;7156;13.34;48.67;non
973_2;39422;33.69;REM;Lénaïck ADAM;6670;16.92;50.21;elu
973_2;39422;33.69;REG;Davy RIMANE;6613;16.77;49.79;non
974_1;80506;35.74;SOC;Ericka BAREIGTS;18950;23.54;65.86;elu
974_1;80506;35.74;LR;Jean-Jacques MOREL;9824;12.2;34.14;non
974_2;92710;36.0;DVG;Huguette BELLO;24559;26.49;73.59;elu
974_2;92710;36.0;LR;Cyrille MELCHIOR;8815;9.51;26.41;non
971_4;69233;31.42;SOC;Hélène VAINQUEUR-CHRISTOPHE;13403;19.36;61.61;elu
971_4;69233;31.42;DVD;Aramis ARBAU;8350;12.06;38.39;non
974_3;92752;37.54;LR;Nathalie BASSIRE;19652;21.19;56.44;elu
974_3;92752;37.54;DVD;Jacquet HOARAU;15167;16.35;43.56;non
974_4;104970;41.23;LR;David LORION;23540;22.43;54.39;elu
974_4;104970;41.23;DVG;Virginie GOBALOU;19738;18.8;45.61;non
974_5;83173;31.96;DVG;Jean Hugues RATENON;14056;16.9;52.88;elu
974_5;83173;31.96;LR;Daniel GONTHIER;12527;15.06;47.12;non
974_7;110366;33.25;MDM;Thierry ROBERT;22305;20.21;60.78;elu
974_7;110366;33.25;DVD;Fabrice MAROUVIN VIRAMALE;14390;13.04;39.22;non
974_6;75862;31.1;LR;Nadia RAMASSAMY;12415;16.37;52.61;elu
974_6;75862;31.1;REM;Monique ORPHE;11181;14.74;47.39;non
987_1;72585;44.19;UDI;Maina SAGE;21928;30.21;68.36;elu
987_1;72585;44.19;DVD;Moana GREIG;10147;13.98;31.64;non
988_1;85146;35.23;DVD;Philippe DUNOYER;17744;20.84;59.15;elu
988_1;85146;35.23;DVD;Sonia BACKES;12256;14.39;40.85;non
975_1;4974;73.1;RDG;Annick GIRARDIN;1886;37.92;51.87;elu
975_1;4974;73.1;DIV;Stéphane LENORMAND;1750;35.18;48.13;non
986_1;8480;80.65;DVG;Napole POLUTELE;3436;40.52;50.24;elu
986_1;8480;80.65;DVG;Sylvain BRIAL;3159;37.25;46.19;non
986_1;8480;80.65;LR;Hervé Michel DELORD;244;2.88;3.57;non
988_2;104634;49.67;UDI;Philippe GOMES;28557;27.29;54.95;elu
988_2;104634;49.67;REG;Louis MAPOU;23413;22.38;45.05;non
987_3;64425;49.08;REG;Moetai, Charles BROTHERSON;16603;25.77;52.5;elu
987_3;64425;49.08;DVD;Patrick HOWELL;15020;23.31;47.5;non
987_2;66706;42.7;DVD;Nicole SANQUER;18282;27.41;64.18;elu
987_2;66706;42.7;DVD;Teura IRITI;10204;15.3;35.82;non
99_1;200179;12.31;REM;Roland LESCURE;19650;9.82;79.73;elu
99_1;200179;12.31;LR;Frédéric LEFEBVRE;4995;2.5;20.27;non
99_2;75022;12.02;REM;Paula FORTEZA;5494;7.32;60.92;elu
99_2;75022;12.02;ECO;Sergio CORONADO;3525;4.7;39.08;non
99_4;122756;20.04;REM;Pieyre-Alexandre ANGLADE;18138;14.78;73.73;elu
99_4;122756;20.04;FI;Sophie RAUSZER;6464;5.27;26.27;non
99_3;120692;17.08;REM;Alexandre HOLROYD;14453;11.98;70.11;elu
99_3;120692;17.08;SOC;Axelle LEMAIRE;6163;5.11;29.89;non
99_5;91291;12.95;REM;Samantha CAZEBONNE;7828;8.57;66.21;elu
99_5;91291;12.95;FI;François RALLE-ANDREOLI;3995;4.38;33.79;non
99_9;107778;10.33;DIV;M'Jid EL GUERRAB;6642;6.16;59.66;elu
99_9;107778;10.33;DVD;Leila AÏCHI;4491;4.17;40.34;non
99_10;99956;17.41;REM;Amal Amélia LAKRAFI;12397;12.4;71.25;elu
99_10;99956;17.41;LR;Alain MARSAUD;5002;5.0;28.75;non
99_8;121386;11.39;UDI;Meyer HABIB;7998;6.59;57.86;elu
99_8;121386;11.39;REM;Florence DRORY;5825;4.8;42.14;non
99_6;127470;18.28;REM;Joachim SON-FORGET;17460;13.7;74.94;elu
99_6;127470;18.28;LR;Claudine SCHMID;5838;4.58;25.06;non
99_7;105946;21.17;MDM;Frédéric PETIT;14115;13.32;62.94;elu
99_7;105946;21.17;SOC;Pierre-Yves LE BORGN';8310;7.84;37.06;non
99_11;92761;21.64;REM;Anne GENETET;14397;15.52;71.72;elu
99_11;92761;21.64;LR;Thierry MARIANI;5676;6.12;28.28;non
